资源,目标,重量,,,,,,,,,,,,,,,,,
流感,不协调,68,,,,,,,,,,,,,,,,,
流感,发热,68,,,,,,,,,,,,,,,,,
流感,胸膜痛,68,,,,,,,,,,,,,,,,,
流感,鼻塞,68,,,,,,,,,,,,,,,,,
流感,喉咙痛,68,,,,,,,,,,,,,,,,,
流感,全身乏力,68,,,,,,,,,,,,,,,,,
流感,衰弱,68,,,,,,,,,,,,,,,,,
流感,症状加重因素,68,,,,,,,,,,,,,,,,,
流感,感觉冷,68,,,,,,,,,,,,,,,,,
流感,巩膜黄疸,68,,,,,,,,,,,,,,,,,
流感,鼻翼煽动,68,,,,,,,,,,,,,,,,,
流感,尿痛,68,,,,,,,,,,,,,,,,,
流感,咂嘴,68,,,,,,,,,,,,,,,,,
流感,头痛,68,,,,,,,,,,,,,,,,,
流感,喷嚏,68,,,,,,,,,,,,,,,,,
流感,鼾声,68,,,,,,,,,,,,,,,,,
流感,绿色的痰,68,,,,,,,,,,,,,,,,,
流感,呼吸急促,68,,,,,,,,,,,,,,,,,
流感,呼吸窘迫,68,,,,,,,,,,,,,,,,,
流感,昏迷,68,,,,,,,,,,,,,,,,,
流感,极度衰竭,68,,,,,,,,,,,,,,,,,
胃炎,血红素阳性,140,,,,,,,,,,,,,,,,,
胃炎,腹部疼痛,140,,,,,,,,,,,,,,,,,
胃炎,呕吐,140,,,,,,,,,,,,,,,,,
胃炎,不平衡,140,,,,,,,,,,,,,,,,,
胃炎,恶心,140,,,,,,,,,,,,,,,,,
胃炎,醉,140,,,,,,,,,,,,,,,,,
胃炎,出血,140,,,,,,,,,,,,,,,,,
胃炎,大便异常,140,,,,,,,,,,,,,,,,,
胃炎,痛,140,,,,,,,,,,,,,,,,,
胃炎,体重降低,140,,,,,,,,,,,,,,,,,
胃炎,碰到就疼,140,,,,,,,,,,,,,,,,,
胃炎,头晕,140,,,,,,,,,,,,,,,,,
高胆固醇血症,痛,685,,,,,,,,,,,,,,,,,
高胆固醇血症,胸部疼痛,685,,,,,,,,,,,,,,,,,
高胆固醇血症,汗,685,,,,,,,,,,,,,,,,,
高胆固醇血症,出汗,685,,,,,,,,,,,,,,,,,
高胆固醇血症,非吸烟者,685,,,,,,,,,,,,,,,,,
高胆固醇血症,压力胸部,685,,,,,,,,,,,,,,,,,
高胆固醇血症,昏厥,685,,,,,,,,,,,,,,,,,
高胆固醇血症,麻木,685,,,,,,,,,,,,,,,,,
高胆固醇血症,胸部不适,685,,,,,,,,,,,,,,,,,
高胆固醇血症,呼吸急促,685,,,,,,,,,,,,,,,,,
高胆固醇血症,ST段压低,685,,,,,,,,,,,,,,,,,
高胆固醇血症,心悸,685,,,,,,,,,,,,,,,,,
高胆固醇血症,T波倒置,685,,,,,,,,,,,,,,,,,
高胆固醇血症,心动过缓,685,,,,,,,,,,,,,,,,,
高胆固醇血症,呼吸困难,685,,,,,,,,,,,,,,,,,
癫痫,癫痫,290,,,,,,,,,,,,,,,,,
癫痫,代谢减退,290,,,,,,,,,,,,,,,,,
癫痫,光环,290,,,,,,,,,,,,,,,,,
癫痫,肌肉抽搐,290,,,,,,,,,,,,,,,,,
癫痫,睡意,290,,,,,,,,,,,,,,,,,
癫痫,颤抖,290,,,,,,,,,,,,,,,,,
癫痫,反应迟钝,290,,,,,,,,,,,,,,,,,
癫痫,偏瘫,290,,,,,,,,,,,,,,,,,
癫痫,肌阵挛,290,,,,,,,,,,,,,,,,,
癫痫,汩汩,290,,,,,,,,,,,,,,,,,
癫痫,困,290,,,,,,,,,,,,,,,,,
癫痫,昏睡,290,,,,,,,,,,,,,,,,,
癫痫,坐轮椅,290,,,,,,,,,,,,,,,,,
肾功能不全,呼吸急促,445,,,,,,,,,,,,,,,,,
肾功能不全,高钾血症,445,,,,,,,,,,,,,,,,,
肾功能不全,端坐,445,,,,,,,,,,,,,,,,,
肾功能不全,罗音,445,,,,,,,,,,,,,,,,,
肾功能不全,排尿的迫切性,445,,,,,,,,,,,,,,,,,
肾功能不全,腹水,445,,,,,,,,,,,,,,,,,
肾功能不全,大便异常,445,,,,,,,,,,,,,,,,,
肾功能不全,乏力,445,,,,,,,,,,,,,,,,,
肾功能不全,发热症状,445,,,,,,,,,,,,,,,,,
肾功能不全,精神状态的改变,445,,,,,,,,,,,,,,,,,
肾功能不全,呼吸困难,445,,,,,,,,,,,,,,,,,
肾功能不全,困难,445,,,,,,,,,,,,,,,,,
肾功能不全,腹泻,445,,,,,,,,,,,,,,,,,
肾功能不全,低血压,445,,,,,,,,,,,,,,,,,
肾功能不全,呼吸音减弱,445,,,,,,,,,,,,,,,,,
肾功能不全,肿胀,445,,,,,,,,,,,,,,,,,
肾功能不全,运动功能减退,445,,,,,,,,,,,,,,,,,
脱水,发热,297,,,,,,,,,,,,,,,,,
脱水,腹泻,297,,,,,,,,,,,,,,,,,
脱水,呕吐,297,,,,,,,,,,,,,,,,,
脱水,低血压,297,,,,,,,,,,,,,,,,,
脱水,恶心,297,,,,,,,,,,,,,,,,,
脱水,头晕,297,,,,,,,,,,,,,,,,,
脱水,不适,297,,,,,,,,,,,,,,,,,
脱水,精神状态的改变,297,,,,,,,,,,,,,,,,,
脱水,厌食症,297,,,,,,,,,,,,,,,,,
脱水,乏力,297,,,,,,,,,,,,,,,,,
脱水,感觉不适,297,,,,,,,,,,,,,,,,,
脱水,昏厥,297,,,,,,,,,,,,,,,,,
脱水,昏睡,297,,,,,,,,,,,,,,,,,
脱水,头晕,297,,,,,,,,,,,,,,,,,
脱水,昏厥,297,,,,,,,,,,,,,,,,,
脱水,昏迷,297,,,,,,,,,,,,,,,,,
脱水,停电 - 历史,297,,,,,,,,,,,,,,,,,
甲状腺功能减退症,呼吸急促,398,,,,,,,,,,,,,,,,,
甲状腺功能减退症,前列腺疾病,398,,,,,,,,,,,,,,,,,
甲状腺功能减退症,睡意,398,,,,,,,,,,,,,,,,,
甲状腺功能减退症,困,398,,,,,,,,,,,,,,,,,
甲状腺功能减退症,低钠血症,398,,,,,,,,,,,,,,,,,
甲状腺功能减退症,摔倒,398,,,,,,,,,,,,,,,,,
甲状腺功能减退症,不稳定的步伐,398,,,,,,,,,,,,,,,,,
甲状腺功能减退症,尿,398,,,,,,,,,,,,,,,,,
甲状腺功能减退症,低血压,398,,,,,,,,,,,,,,,,,
甲状腺功能减退症,困难,398,,,,,,,,,,,,,,,,,
甲状腺功能减退症,昏厥,398,,,,,,,,,,,,,,,,,
甲状腺功能减退症,恶梦,398,,,,,,,,,,,,,,,,,
甲状腺功能减退症,言语不清,398,,,,,,,,,,,,,,,,,
甲状腺功能减退症,体重增加,398,,,,,,,,,,,,,,,,,
甲状腺功能减退症,乏力,398,,,,,,,,,,,,,,,,,
甲状腺功能减退症,疲劳,398,,,,,,,,,,,,,,,,,
甲状腺功能减退症,累,398,,,,,,,,,,,,,,,,,
甲状腺功能减退症,易怒,398,,,,,,,,,,,,,,,,,
甲状腺功能减退症,精神状态的改变,398,,,,,,,,,,,,,,,,,
甲状腺功能减退症,运动发育迟缓,398,,,,,,,,,,,,,,,,,
甲状腺功能减退症,呕吐,398,,,,,,,,,,,,,,,,,
甲状腺功能减退症,麻木,398,,,,,,,,,,,,,,,,,
甲状腺功能减退症,车身结构的质量,398,,,,,,,,,,,,,,,,,
食管裂孔疝疝气,腹部疼痛,61,,,,,,,,,,,,,,,,,
食管裂孔疝疝气,易疲劳,61,,,,,,,,,,,,,,,,,
食管裂孔疝疝气,前驱症状,61,,,,,,,,,,,,,,,,,
食管裂孔疝疝气,呕吐,61,,,,,,,,,,,,,,,,,
食管裂孔疝疝气,恶心,61,,,,,,,,,,,,,,,,,
食管裂孔疝疝气,肌痛,61,,,,,,,,,,,,,,,,,
食管裂孔疝疝气,低钠血症,61,,,,,,,,,,,,,,,,,
食管裂孔疝疝气,碰到就疼,61,,,,,,,,,,,,,,,,,
食管裂孔疝疝气,全身不适,61,,,,,,,,,,,,,,,,,
食管裂孔疝疝气,劳力性呼吸困难,61,,,,,,,,,,,,,,,,,
食管裂孔疝疝气,扑翼样震颤,61,,,,,,,,,,,,,,,,,
食管裂孔疝疝气,大便异常,61,,,,,,,,,,,,,,,,,
食管裂孔疝疝气,手麻木,61,,,,,,,,,,,,,,,,,
食管裂孔疝疝气,头痛,61,,,,,,,,,,,,,,,,,
食管裂孔疝疝气,畏光,61,,,,,,,,,,,,,,,,,
纤维瘤,第2,96,,,,,,,,,,,,,,,,,
纤维瘤,出血,96,,,,,,,,,,,,,,,,,
纤维瘤,流产,96,,,,,,,,,,,,,,,,,
纤维瘤,经间期大量出血,96,,,,,,,,,,,,,,,,,
纤维瘤,张力减退,96,,,,,,,,,,,,,,,,,
纤维瘤,低渗,96,,,,,,,,,,,,,,,,,
纤维瘤,以前怀孕2,96,,,,,,,,,,,,,,,,,
纤维瘤,呼吸急促,96,,,,,,,,,,,,,,,,,
纤维瘤,发热,96,,,,,,,,,,,,,,,,,
纤维瘤,胃灼热,96,,,,,,,,,,,,,,,,,
纤维瘤,初产妇,96,,,,,,,,,,,,,,,,,
纤维瘤,异常坚硬,96,,,,,,,,,,,,,,,,,
纤维瘤,蛋白血症,96,,,,,,,,,,,,,,,,,
吞咽障碍,感觉异常,126,,,,,,,,,,,,,,,,,
吞咽障碍,行走不便,126,,,,,,,,,,,,,,,,,
吞咽障碍,构音障碍,126,,,,,,,,,,,,,,,,,
吞咽障碍,吞咽疼痛,126,,,,,,,,,,,,,,,,,
吞咽障碍,嘶哑,126,,,,,,,,,,,,,,,,,
吞咽障碍,喘鸣,126,,,,,,,,,,,,,,,,,
吞咽障碍,痉挛,126,,,,,,,,,,,,,,,,,
吞咽障碍,乏力,126,,,,,,,,,,,,,,,,,
吞咽障碍,轮替运动障碍,126,,,,,,,,,,,,,,,,,
吞咽障碍,共济失调,126,,,,,,,,,,,,,,,,,
吞咽障碍,贲门失弛缓症,126,,,,,,,,,,,,,,,,,
吞咽障碍,体重降低,126,,,,,,,,,,,,,,,,,
吞咽障碍,刚性,126,,,,,,,,,,,,,,,,,
吞咽障碍,病变,126,,,,,,,,,,,,,,,,,
吞咽障碍,侧疼痛,126,,,,,,,,,,,,,,,,,
骨质疏松,前列腺疾病,169,,,,,,,,,,,,,,,,,
骨质疏松,摔倒,169,,,,,,,,,,,,,,,,,
骨质疏松,多毛症,169,,,,,,,,,,,,,,,,,
骨质疏松,抽鼻子,169,,,,,,,,,,,,,,,,,
骨质疏松,腹胀,169,,,,,,,,,,,,,,,,,
骨质疏松,眩晕,169,,,,,,,,,,,,,,,,,
骨质疏松,手麻木,169,,,,,,,,,,,,,,,,,
骨质疏松,运动迟缓,169,,,,,,,,,,,,,,,,,
骨质疏松,痛,169,,,,,,,,,,,,,,,,,
骨质疏松,昏厥,169,,,,,,,,,,,,,,,,,
骨质疏松,上气不接下气,169,,,,,,,,,,,,,,,,,
骨质疏松,发热症状,169,,,,,,,,,,,,,,,,,
骨质疏松,急迫性尿失禁,169,,,,,,,,,,,,,,,,,
骨质疏松,头晕,169,,,,,,,,,,,,,,,,,
慢性酒精中毒,颤抖,70,,,,,,,,,,,,,,,,,
慢性酒精中毒,听觉幻觉,70,,,,,,,,,,,,,,,,,
慢性酒精中毒,自杀,70,,,,,,,,,,,,,,,,,
慢性酒精中毒,囤,70,,,,,,,,,,,,,,,,,
慢性酒精中毒,急躁的情绪,70,,,,,,,,,,,,,,,,,
慢性酒精中毒,感到绝望,70,,,,,,,,,,,,,,,,,
慢性酒精中毒,想自杀,70,,,,,,,,,,,,,,,,,
慢性酒精中毒,新词,70,,,,,,,,,,,,,,,,,
慢性酒精中毒,癫痫,70,,,,,,,,,,,,,,,,,
慢性酒精中毒,无家可归,70,,,,,,,,,,,,,,,,,
慢性酒精中毒,失眠,70,,,,,,,,,,,,,,,,,
慢性酒精中毒,无意识的状态下,70,,,,,,,,,,,,,,,,,
慢性酒精中毒,恐慌,70,,,,,,,,,,,,,,,,,
慢性酒精中毒,呼吸音减弱,70,,,,,,,,,,,,,,,,,
慢性酒精中毒,呼吸急促,70,,,,,,,,,,,,,,,,,
哮喘,喘息,835,,,,,,,,,,,,,,,,,
哮喘,咳嗽,835,,,,,,,,,,,,,,,,,
哮喘,呼吸急促,835,,,,,,,,,,,,,,,,,
哮喘,胸部紧迫感,835,,,,,,,,,,,,,,,,,
哮喘,非生产性咳嗽,835,,,,,,,,,,,,,,,,,
哮喘,胸膜痛,835,,,,,,,,,,,,,,,,,
哮喘,咳嗽,835,,,,,,,,,,,,,,,,,
哮喘,症状加重因素,835,,,,,,,,,,,,,,,,,
哮喘,呼吸窘迫,835,,,,,,,,,,,,,,,,,
败血症（无脊椎动物）,发热,311,,,,,,,,,,,,,,,,,
败血症（无脊椎动物）,呼吸窘迫,311,,,,,,,,,,,,,,,,,
败血症（无脊椎动物）,低血压,311,,,,,,,,,,,,,,,,,
败血症（无脊椎动物）,呼吸急促,311,,,,,,,,,,,,,,,,,
败血症（无脊椎动物）,感觉冷,311,,,,,,,,,,,,,,,,,
败血症（无脊椎动物）,昏睡,311,,,,,,,,,,,,,,,,,
败血症（无脊椎动物）,心动过缓,311,,,,,,,,,,,,,,,,,
败血症（无脊椎动物）,臀位,311,,,,,,,,,,,,,,,,,
败血症（无脊椎动物）,黄萎病,311,,,,,,,,,,,,,,,,,
败血症（无脊椎动物）,膜的自发性破裂,311,,,,,,,,,,,,,,,,,
败血症（无脊椎动物）,出血,311,,,,,,,,,,,,,,,,,
败血症（无脊椎动物）,反应迟钝,311,,,,,,,,,,,,,,,,,
败血症（无脊椎动物）,罗音,311,,,,,,,,,,,,,,,,,
败血症（无脊椎动物）,发热症状,311,,,,,,,,,,,,,,,,,
偏执,听觉幻觉,165,,,,,,,,,,,,,,,,,
偏执,视觉幻觉,165,,,,,,,,,,,,,,,,,
偏执,易怒,165,,,,,,,,,,,,,,,,,
偏执,急躁的情绪,165,,,,,,,,,,,,,,,,,
偏执,言语性幻听,165,,,,,,,,,,,,,,,,,
偏执,想自杀,165,,,,,,,,,,,,,,,,,
偏执,自杀,165,,,,,,,,,,,,,,,,,
偏执,惊吓,165,,,,,,,,,,,,,,,,,
偏执,新词,165,,,,,,,,,,,,,,,,,
偏执,无家可归,165,,,,,,,,,,,,,,,,,
偏执,增加能源,165,,,,,,,,,,,,,,,,,
偏执,心情郁闷,165,,,,,,,,,,,,,,,,,
偏执,失代偿,165,,,,,,,,,,,,,,,,,
偏执,愈合,165,,,,,,,,,,,,,,,,,
偏执,疤痕组织,165,,,,,,,,,,,,,,,,,
偏执,昏迷,165,,,,,,,,,,,,,,,,,
偏执,松散结合,165,,,,,,,,,,,,,,,,,
肠梗阻,脓肿的细菌,56,,,,,,,,,,,,,,,,,
肠梗阻,急性腹部,56,,,,,,,,,,,,,,,,,
肠梗阻,空气流体水平,56,,,,,,,,,,,,,,,,,
肠梗阻,醒目的气息,56,,,,,,,,,,,,,,,,,
肠梗阻,腹部压痛,56,,,,,,,,,,,,,,,,,
肠梗阻,恶心,56,,,,,,,,,,,,,,,,,
肠梗阻,碰到就疼,56,,,,,,,,,,,,,,,,,
肠梗阻,胀气,56,,,,,,,,,,,,,,,,,
肠梗阻,腹泻,56,,,,,,,,,,,,,,,,,
肠梗阻,车身结构的质量,56,,,,,,,,,,,,,,,,,
肠梗阻,发热症状,56,,,,,,,,,,,,,,,,,
肠梗阻,便秘,56,,,,,,,,,,,,,,,,,
肠梗阻,加粗,56,,,,,,,,,,,,,,,,,
肠梗阻,孕妇0,56,,,,,,,,,,,,,,,,,
肠梗阻,腹部疼痛,56,,,,,,,,,,,,,,,,,
肿瘤,车身结构的质量,297,,,,,,,,,,,,,,,,,
肿瘤,病变,297,,,,,,,,,,,,,,,,,
肿瘤,胸部疼痛,297,,,,,,,,,,,,,,,,,
肿瘤,血尿,297,,,,,,,,,,,,,,,,,
肿瘤,肿瘤细胞的侵袭,297,,,,,,,,,,,,,,,,,
肿瘤,痛,297,,,,,,,,,,,,,,,,,
肿瘤,嗅觉丧失症,297,,,,,,,,,,,,,,,,,
肿瘤,加粗,297,,,,,,,,,,,,,,,,,
肿瘤,转移病灶,297,,,,,,,,,,,,,,,,,
肿瘤,食物不耐受,297,,,,,,,,,,,,,,,,,
肿瘤,体重降低,297,,,,,,,,,,,,,,,,,
肿瘤,盗汗,297,,,,,,,,,,,,,,,,,
肿瘤,偏盲同名,297,,,,,,,,,,,,,,,,,
肿瘤,早饱腹感,297,,,,,,,,,,,,,,,,,
肿瘤,腹部疼痛,297,,,,,,,,,,,,,,,,,
肿瘤,头痛,297,,,,,,,,,,,,,,,,,
病态肥胖,上气不接下气,76,,,,,,,,,,,,,,,,,
病态肥胖,久坐不动,76,,,,,,,,,,,,,,,,,
病态肥胖,心绞痛,76,,,,,,,,,,,,,,,,,
病态肥胖,咳嗽,76,,,,,,,,,,,,,,,,,
病态肥胖,不快乐,76,,,,,,,,,,,,,,,,,
病态肥胖,呼吸困难,76,,,,,,,,,,,,,,,,,
病态肥胖,低温，自然,76,,,,,,,,,,,,,,,,,
病态肥胖,呼吸困难,76,,,,,,,,,,,,,,,,,
病态肥胖,红细胞压积下降,76,,,,,,,,,,,,,,,,,
病态肥胖,喘息,76,,,,,,,,,,,,,,,,,
病态肥胖,低氧血症,76,,,,,,,,,,,,,,,,,
病态肥胖,肾功能角压痛,76,,,,,,,,,,,,,,,,,
病态肥胖,感觉热/发烧,76,,,,,,,,,,,,,,,,,
原发性恶性肿瘤,痛,354,,,,,,,,,,,,,,,,,
原发性恶性肿瘤,车身结构的质量,354,,,,,,,,,,,,,,,,,
原发性恶性肿瘤,病变,354,,,,,,,,,,,,,,,,,
原发性恶性肿瘤,满月脸,354,,,,,,,,,,,,,,,,,
原发性恶性肿瘤,暴躁,354,,,,,,,,,,,,,,,,,
原发性恶性肿瘤,气肿性变化,354,,,,,,,,,,,,,,,,,
原发性恶性肿瘤,体重降低,354,,,,,,,,,,,,,,,,,
原发性恶性肿瘤,腹水,354,,,,,,,,,,,,,,,,,
原发性恶性肿瘤,嘶哑,354,,,,,,,,,,,,,,,,,
原发性恶性肿瘤,加粗,354,,,,,,,,,,,,,,,,,
原发性恶性肿瘤,血尿,354,,,,,,,,,,,,,,,,,
心脏衰竭,端坐,138,,,,,,,,,,,,,,,,,
心脏衰竭,疲劳,138,,,,,,,,,,,,,,,,,
心脏衰竭,劳力性呼吸困难,138,,,,,,,,,,,,,,,,,
心脏衰竭,呼吸困难,138,,,,,,,,,,,,,,,,,
心脏衰竭,呼吸急促,138,,,,,,,,,,,,,,,,,
心脏衰竭,收缩期杂音,138,,,,,,,,,,,,,,,,,
心脏衰竭,颈静脉怒张,138,,,,,,,,,,,,,,,,,
心脏衰竭,收缩期喷射性杂音,138,,,,,,,,,,,,,,,,,
心脏衰竭,低血压,138,,,,,,,,,,,,,,,,,
心脏衰竭,心绞痛,138,,,,,,,,,,,,,,,,,
心脏衰竭,运动功能减退,138,,,,,,,,,,,,,,,,,
乳房恶性肿瘤,肿块乳房,152,,,,,,,,,,,,,,,,,
乳房恶性肿瘤,车身结构的质量,152,,,,,,,,,,,,,,,,,
乳房恶性肿瘤,感觉异常,152,,,,,,,,,,,,,,,,,
乳房恶性肿瘤,退步疼,152,,,,,,,,,,,,,,,,,
乳房恶性肿瘤,红斑,152,,,,,,,,,,,,,,,,,
乳房恶性肿瘤,困难,152,,,,,,,,,,,,,,,,,
乳房恶性肿瘤,病变,152,,,,,,,,,,,,,,,,,
乳房恶性肿瘤,使用雌激素,152,,,,,,,,,,,,,,,,,
乳房恶性肿瘤,烧灼感,152,,,,,,,,,,,,,,,,,
乳房恶性肿瘤,呼吸困难,152,,,,,,,,,,,,,,,,,
乳房恶性肿瘤,肿胀,152,,,,,,,,,,,,,,,,,
乳房恶性肿瘤,有蚂蚁的感觉,152,,,,,,,,,,,,,,,,,
强直 - 阵挛性癫痫,睡意,92,,,,,,,,,,,,,,,,,
强直 - 阵挛性癫痫,咂嘴,92,,,,,,,,,,,,,,,,,
强直 - 阵挛性癫痫,肌阵挛,92,,,,,,,,,,,,,,,,,
强直 - 阵挛性癫痫,颤抖,92,,,,,,,,,,,,,,,,,
强直 - 阵挛性癫痫,畏声,92,,,,,,,,,,,,,,,,,
强直 - 阵挛性癫痫,眼睛滚动,92,,,,,,,,,,,,,,,,,
强直 - 阵挛性癫痫,困,92,,,,,,,,,,,,,,,,,
强直 - 阵挛性癫痫,多毛症,92,,,,,,,,,,,,,,,,,
强直 - 阵挛性癫痫,喜怒无常,92,,,,,,,,,,,,,,,,,
强直 - 阵挛性癫痫,肌肉抽搐,92,,,,,,,,,,,,,,,,,
强直 - 阵挛性癫痫,反应迟钝,92,,,,,,,,,,,,,,,,,
强直 - 阵挛性癫痫,头痛,92,,,,,,,,,,,,,,,,,
强直 - 阵挛性癫痫,怀二心,92,,,,,,,,,,,,,,,,,
强直 - 阵挛性癫痫,缺席发现,92,,,,,,,,,,,,,,,,,
强直 - 阵挛性癫痫,痉挛,92,,,,,,,,,,,,,,,,,
强直 - 阵挛性癫痫,体重降低,92,,,,,,,,,,,,,,,,,
强直 - 阵挛性癫痫,肿瘤细胞的侵袭,92,,,,,,,,,,,,,,,,,
短暂性脑缺血发作,言语不清,168,,,,,,,,,,,,,,,,,
短暂性脑缺血发作,构音障碍,168,,,,,,,,,,,,,,,,,
短暂性脑缺血发作,面瘫,168,,,,,,,,,,,,,,,,,
短暂性脑缺血发作,乏力,168,,,,,,,,,,,,,,,,,
短暂性脑缺血发作,颈部僵硬,168,,,,,,,,,,,,,,,,,
短暂性脑缺血发作,眩晕,168,,,,,,,,,,,,,,,,,
短暂性脑缺血发作,麻木,168,,,,,,,,,,,,,,,,,
短暂性脑缺血发作,头晕,168,,,,,,,,,,,,,,,,,
短暂性脑缺血发作,锥体外系标志,168,,,,,,,,,,,,,,,,,
短暂性脑缺血发作,Stahli公司的路线,168,,,,,,,,,,,,,,,,,
短暂性脑缺血发作,视线模糊不清。,168,,,,,,,,,,,,,,,,,
短暂性脑缺血发作,头痛,168,,,,,,,,,,,,,,,,,
短暂性脑缺血发作,房间纺,168,,,,,,,,,,,,,,,,,
短暂性脑缺血发作,昏厥,168,,,,,,,,,,,,,,,,,
短暂性脑缺血发作,困难,168,,,,,,,,,,,,,,,,,
短暂性脑缺血发作,漫谈,168,,,,,,,,,,,,,,,,,
短暂性脑缺血发作,笨拙,168,,,,,,,,,,,,,,,,,
前列腺恶性肿瘤,血尿,163,,,,,,,,,,,,,,,,,
前列腺恶性肿瘤,感觉迟钝,163,,,,,,,,,,,,,,,,,
前列腺恶性肿瘤,乏力,163,,,,,,,,,,,,,,,,,
前列腺恶性肿瘤,多肌痛,163,,,,,,,,,,,,,,,,,
前列腺恶性肿瘤,通过石头,163,,,,,,,,,,,,,,,,,
前列腺恶性肿瘤,胸膜痛,163,,,,,,,,,,,,,,,,,
前列腺恶性肿瘤,大便异常,163,,,,,,,,,,,,,,,,,
前列腺恶性肿瘤,罗音,163,,,,,,,,,,,,,,,,,
前列腺恶性肿瘤,呼吸音减弱,163,,,,,,,,,,,,,,,,,
前列腺恶性肿瘤,急迫性尿失禁,163,,,,,,,,,,,,,,,,,
前列腺恶性肿瘤,尿痛,163,,,,,,,,,,,,,,,,,
前列腺恶性肿瘤,腹泻,163,,,,,,,,,,,,,,,,,
前列腺恶性肿瘤,眩晕,163,,,,,,,,,,,,,,,,,
前列腺恶性肿瘤,QT间期延长,163,,,,,,,,,,,,,,,,,
前列腺恶性肿瘤,共济失调,163,,,,,,,,,,,,,,,,,
前列腺恶性肿瘤,轻瘫,163,,,,,,,,,,,,,,,,,
前列腺恶性肿瘤,偏盲同名,163,,,,,,,,,,,,,,,,,
前列腺恶性肿瘤,肿瘤细胞的侵袭,163,,,,,,,,,,,,,,,,,
前列腺恶性肿瘤,血流动力学稳定,163,,,,,,,,,,,,,,,,,
前列腺恶性肿瘤,车身结构的质量,163,,,,,,,,,,,,,,,,,
前列腺恶性肿瘤,鼾音,163,,,,,,,,,,,,,,,,,
前列腺恶性肿瘤,orthostasis,163,,,,,,,,,,,,,,,,,
前列腺恶性肿瘤,体重降低,163,,,,,,,,,,,,,,,,,
肺动脉栓塞,呼吸急促,294,,,,,,,,,,,,,,,,,
肺动脉栓塞,低氧血症,294,,,,,,,,,,,,,,,,,
肺动脉栓塞,呼吸急促,294,,,,,,,,,,,,,,,,,
肺动脉栓塞,红细胞压积下降,294,,,,,,,,,,,,,,,,,
肺动脉栓塞,胸部疼痛,294,,,,,,,,,,,,,,,,,
肺动脉栓塞,呼吸困难,294,,,,,,,,,,,,,,,,,
肺动脉栓塞,胸膜痛,294,,,,,,,,,,,,,,,,,
肺动脉栓塞,颈部僵硬,294,,,,,,,,,,,,,,,,,
肺动脉栓塞,黄痰,294,,,,,,,,,,,,,,,,,
肺动脉栓塞,咳嗽,294,,,,,,,,,,,,,,,,,
肺动脉栓塞,愈合,294,,,,,,,,,,,,,,,,,
肺动脉栓塞,反应迟钝,294,,,,,,,,,,,,,,,,,
肺动脉栓塞,呼吸窘迫,294,,,,,,,,,,,,,,,,,
肺动脉栓塞,喘息,294,,,,,,,,,,,,,,,,,
肺动脉栓塞,发热症状,294,,,,,,,,,,,,,,,,,
肺动脉栓塞,非生产性咳嗽,294,,,,,,,,,,,,,,,,,
三尖瓣关闭不全,呼吸急促,101,,,,,,,,,,,,,,,,,
三尖瓣关闭不全,痛,101,,,,,,,,,,,,,,,,,
三尖瓣关闭不全,呕吐,101,,,,,,,,,,,,,,,,,
三尖瓣关闭不全,恶心,101,,,,,,,,,,,,,,,,,
三尖瓣关闭不全,心动过缓,101,,,,,,,,,,,,,,,,,
三尖瓣关闭不全,腹部疼痛,101,,,,,,,,,,,,,,,,,
三尖瓣关闭不全,发热,101,,,,,,,,,,,,,,,,,
三尖瓣关闭不全,愈合,101,,,,,,,,,,,,,,,,,
三尖瓣关闭不全,纵隔移位,101,,,,,,,,,,,,,,,,,
三尖瓣关闭不全,认知受损,101,,,,,,,,,,,,,,,,,
呼吸衰竭,偏瘫,90,,,,,,,,,,,,,,,,,
呼吸衰竭,鼾声,90,,,,,,,,,,,,,,,,,
呼吸衰竭,反应迟钝,90,,,,,,,,,,,,,,,,,
呼吸衰竭,咳嗽,90,,,,,,,,,,,,,,,,,
呼吸衰竭,呼吸困难,90,,,,,,,,,,,,,,,,,
呼吸衰竭,呼吸急促,90,,,,,,,,,,,,,,,,,
呼吸衰竭,高钾血症,90,,,,,,,,,,,,,,,,,
呼吸衰竭,运动功能减退,90,,,,,,,,,,,,,,,,,
呼吸衰竭,窦性心律,90,,,,,,,,,,,,,,,,,
呼吸衰竭,一般不稳定,90,,,,,,,,,,,,,,,,,
呼吸衰竭,杂音,90,,,,,,,,,,,,,,,,,
呼吸衰竭,意识清楚,90,,,,,,,,,,,,,,,,,
呼吸衰竭,呼吸急促,90,,,,,,,,,,,,,,,,,
呼吸衰竭,病变,90,,,,,,,,,,,,,,,,,
呼吸衰竭,发红,90,,,,,,,,,,,,,,,,,
退化性关节炎,痛,405,,,,,,,,,,,,,,,,,
退化性关节炎,食物不耐受,405,,,,,,,,,,,,,,,,,
退化性关节炎,手麻木,405,,,,,,,,,,,,,,,,,
退化性关节炎,全身不适,405,,,,,,,,,,,,,,,,,
退化性关节炎,睡意,405,,,,,,,,,,,,,,,,,
退化性关节炎,乏力,405,,,,,,,,,,,,,,,,,
退化性关节炎,非吸烟者,405,,,,,,,,,,,,,,,,,
退化性关节炎,非生产性咳嗽,405,,,,,,,,,,,,,,,,,
退化性关节炎,口渴,405,,,,,,,,,,,,,,,,,
退化性关节炎,刚性,405,,,,,,,,,,,,,,,,,
退化性关节炎,不稳定的步伐,405,,,,,,,,,,,,,,,,,
失语症,阵挛,76,,,,,,,,,,,,,,,,,
失语症,羊鸣音,76,,,,,,,,,,,,,,,,,
失语症,面瘫,76,,,,,,,,,,,,,,,,,
失语症,吞咽不能,76,,,,,,,,,,,,,,,,,
失语症,肌肉抽搐,76,,,,,,,,,,,,,,,,,
失语症,瘫痪,76,,,,,,,,,,,,,,,,,
失语症,腰背疼痛,76,,,,,,,,,,,,,,,,,
失语症,抽筋,76,,,,,,,,,,,,,,,,,
肿瘤转移,加粗,94,,,,,,,,,,,,,,,,,
肿瘤转移,肿瘤细胞的侵袭,94,,,,,,,,,,,,,,,,,
肿瘤转移,转移病灶,94,,,,,,,,,,,,,,,,,
肿瘤转移,颈部疼痛,94,,,,,,,,,,,,,,,,,
肿瘤转移,肺结节,94,,,,,,,,,,,,,,,,,
肿瘤转移,痛,94,,,,,,,,,,,,,,,,,
肿瘤转移,腹部疼痛,94,,,,,,,,,,,,,,,,,
肿瘤转移,食物不耐受,94,,,,,,,,,,,,,,,,,
肿瘤转移,车身结构的质量,94,,,,,,,,,,,,,,,,,
肿瘤转移,异型,94,,,,,,,,,,,,,,,,,
结肠恶性肿瘤,病变,94,,,,,,,,,,,,,,,,,
结肠恶性肿瘤,前列腺疾病,94,,,,,,,,,,,,,,,,,
结肠恶性肿瘤,便秘,94,,,,,,,,,,,,,,,,,
结肠恶性肿瘤,全身不适,94,,,,,,,,,,,,,,,,,
结肠恶性肿瘤,腹泻,94,,,,,,,,,,,,,,,,,
结肠恶性肿瘤,腹部疼痛,94,,,,,,,,,,,,,,,,,
结肠恶性肿瘤,尿犹豫,94,,,,,,,,,,,,,,,,,
结肠恶性肿瘤,头晕,94,,,,,,,,,,,,,,,,,
结肠恶性肿瘤,拍摄痛,94,,,,,,,,,,,,,,,,,
结肠恶性肿瘤,心动过缓,94,,,,,,,,,,,,,,,,,
结肠恶性肿瘤,呕吐,94,,,,,,,,,,,,,,,,,
结肠恶性肿瘤,收缩期喷射性杂音,94,,,,,,,,,,,,,,,,,
结肠恶性肿瘤,恶心,94,,,,,,,,,,,,,,,,,
结肠恶性肿瘤,妊娠剧,94,,,,,,,,,,,,,,,,,
结肠恶性肿瘤,口渴,94,,,,,,,,,,,,,,,,,
淋巴瘤,病变,105,,,,,,,,,,,,,,,,,
淋巴瘤,发热,105,,,,,,,,,,,,,,,,,
淋巴瘤,贴边,105,,,,,,,,,,,,,,,,,
淋巴瘤,转氨酶,105,,,,,,,,,,,,,,,,,
淋巴瘤,体重降低,105,,,,,,,,,,,,,,,,,
淋巴瘤,共济失调,105,,,,,,,,,,,,,,,,,
淋巴瘤,耳鸣,105,,,,,,,,,,,,,,,,,
淋巴瘤,气胸,105,,,,,,,,,,,,,,,,,
淋巴瘤,叠加,105,,,,,,,,,,,,,,,,,
淋巴瘤,咯血,105,,,,,,,,,,,,,,,,,
淋巴瘤,疲劳,105,,,,,,,,,,,,,,,,,
淋巴瘤,累,105,,,,,,,,,,,,,,,,,
淋巴瘤,口渴,105,,,,,,,,,,,,,,,,,
淋巴瘤,排尿困难,105,,,,,,,,,,,,,,,,,
贫血,感觉冷,544,,,,,,,,,,,,,,,,,
贫血,大便异常,544,,,,,,,,,,,,,,,,,
贫血,单克隆,544,,,,,,,,,,,,,,,,,
贫血,瘀斑,544,,,,,,,,,,,,,,,,,
贫血,肿瘤细胞的侵袭,544,,,,,,,,,,,,,,,,,
贫血,出血,544,,,,,,,,,,,,,,,,,
贫血,苍白,544,,,,,,,,,,,,,,,,,
贫血,乏力,544,,,,,,,,,,,,,,,,,
贫血,疲劳,544,,,,,,,,,,,,,,,,,
贫血,血红素阳性,544,,,,,,,,,,,,,,,,,
贫血,背部疼痛,544,,,,,,,,,,,,,,,,,
贫血,orthostasis,544,,,,,,,,,,,,,,,,,
贫血,低钠血症,544,,,,,,,,,,,,,,,,,
贫血,头晕,544,,,,,,,,,,,,,,,,,
贫血,呼吸急促,544,,,,,,,,,,,,,,,,,
贫血,痛,544,,,,,,,,,,,,,,,,,
贫血,鼾音,544,,,,,,,,,,,,,,,,,
贫血,关节痛,544,,,,,,,,,,,,,,,,,
贫血,肿胀,544,,,,,,,,,,,,,,,,,
贫血,转氨酶,544,,,,,,,,,,,,,,,,,
慢性阻塞性气道疾病,呼吸急促,524,,,,,,,,,,,,,,,,,
慢性阻塞性气道疾病,喘息,524,,,,,,,,,,,,,,,,,
慢性阻塞性气道疾病,咳嗽,524,,,,,,,,,,,,,,,,,
慢性阻塞性气道疾病,呼吸困难,524,,,,,,,,,,,,,,,,,
慢性阻塞性气道疾病,呼吸窘迫,524,,,,,,,,,,,,,,,,,
慢性阻塞性气道疾病,脓性痰,524,,,,,,,,,,,,,,,,,
慢性阻塞性气道疾病,低氧血症,524,,,,,,,,,,,,,,,,,
慢性阻塞性气道疾病,高碳酸血症,524,,,,,,,,,,,,,,,,,
慢性阻塞性气道疾病,不配合治疗,524,,,,,,,,,,,,,,,,,
慢性阻塞性气道疾病,胸部紧迫感,524,,,,,,,,,,,,,,,,,
镰状细胞性贫血,突发性疼痛,140,,,,,,,,,,,,,,,,,
镰状细胞性贫血,背部疼痛,140,,,,,,,,,,,,,,,,,
镰状细胞性贫血,痛,140,,,,,,,,,,,,,,,,,
镰状细胞性贫血,呼吸急促,140,,,,,,,,,,,,,,,,,
镰状细胞性贫血,鼻塞,140,,,,,,,,,,,,,,,,,
镰状细胞性贫血,胸部疼痛,140,,,,,,,,,,,,,,,,,
镰状细胞性贫血,腹部疼痛,140,,,,,,,,,,,,,,,,,
镰状细胞性贫血,肝脾肿大,140,,,,,,,,,,,,,,,,,
镰状细胞性贫血,绿色的痰,140,,,,,,,,,,,,,,,,,
镰状细胞性贫血,发热症状,140,,,,,,,,,,,,,,,,,
镰状细胞性贫血,头痛,140,,,,,,,,,,,,,,,,,
冠状动脉粥样硬化,胸部疼痛,1284,,,,,,,,,,,,,,,,,
冠状动脉粥样硬化,心绞痛,1284,,,,,,,,,,,,,,,,,
冠状动脉粥样硬化,呼吸急促,1284,,,,,,,,,,,,,,,,,
冠状动脉粥样硬化,运动功能减退,1284,,,,,,,,,,,,,,,,,
冠状动脉粥样硬化,汗,1284,,,,,,,,,,,,,,,,,
冠状动脉粥样硬化,出汗,1284,,,,,,,,,,,,,,,,,
冠状动脉粥样硬化,压力胸部,1284,,,,,,,,,,,,,,,,,
冠状动脉粥样硬化,劳力性呼吸困难,1284,,,,,,,,,,,,,,,,,
冠状动脉粥样硬化,端坐,1284,,,,,,,,,,,,,,,,,
冠状动脉粥样硬化,胸部紧迫感,1284,,,,,,,,,,,,,,,,,
胆囊炎,呻吟,66,,,,,,,,,,,,,,,,,
胆囊炎,恶心,66,,,,,,,,,,,,,,,,,
胆囊炎,腹部疼痛,66,,,,,,,,,,,,,,,,,
胆囊炎,墨菲氏征,66,,,,,,,,,,,,,,,,,
胆囊炎,胀气,66,,,,,,,,,,,,,,,,,
胆囊炎,腹部绞痛,66,,,,,,,,,,,,,,,,,
胆囊炎,痛,66,,,,,,,,,,,,,,,,,
胆囊炎,腹水,66,,,,,,,,,,,,,,,,,
胆囊炎,腹泻,66,,,,,,,,,,,,,,,,,
胆囊炎,QT间期延长,66,,,,,,,,,,,,,,,,,
胆囊炎,心血管发现,66,,,,,,,,,,,,,,,,,
胆囊炎,心血管事件,66,,,,,,,,,,,,,,,,,
胆囊炎,糊里糊涂的,66,,,,,,,,,,,,,,,,,
胆囊炎,窦性心律,66,,,,,,,,,,,,,,,,,
胆囊炎,喘气,66,,,,,,,,,,,,,,,,,
胆囊炎,便秘,66,,,,,,,,,,,,,,,,,
胆囊炎,在直肠内粪便,66,,,,,,,,,,,,,,,,,
胆囊炎,异常坚硬,66,,,,,,,,,,,,,,,,,
精神病性障碍,自杀,267,,,,,,,,,,,,,,,,,
精神病性障碍,听觉幻觉,267,,,,,,,,,,,,,,,,,
精神病性障碍,想自杀,267,,,,,,,,,,,,,,,,,
精神病性障碍,视觉幻觉,267,,,,,,,,,,,,,,,,,
精神病性障碍,运动发育迟缓,267,,,,,,,,,,,,,,,,,
精神病性障碍,昏迷,267,,,,,,,,,,,,,,,,,
精神病性障碍,言语性幻听,267,,,,,,,,,,,,,,,,,
精神病性障碍,感到绝望,267,,,,,,,,,,,,,,,,,
精神病性障碍,急躁的情绪,267,,,,,,,,,,,,,,,,,
精神病性障碍,易怒,267,,,,,,,,,,,,,,,,,
精神病性障碍,颤抖,267,,,,,,,,,,,,,,,,,
精神病性障碍,紧张症,267,,,,,,,,,,,,,,,,,
精神病性障碍,伤心,267,,,,,,,,,,,,,,,,,
精神病性障碍,无家可归,267,,,,,,,,,,,,,,,,,
精神病性障碍,失眠,267,,,,,,,,,,,,,,,,,
精神病性障碍,退出,267,,,,,,,,,,,,,,,,,
精神病性障碍,增加能源,267,,,,,,,,,,,,,,,,,
精神病性障碍,醉,267,,,,,,,,,,,,,,,,,
精神病性障碍,心悸,267,,,,,,,,,,,,,,,,,
精神病性障碍,行为异常活跃,267,,,,,,,,,,,,,,,,,
精神病性障碍,不配合治疗,267,,,,,,,,,,,,,,,,,
精神病性障碍,心情郁闷,267,,,,,,,,,,,,,,,,,
精神病性障碍,惊吓,267,,,,,,,,,,,,,,,,,
精神病性障碍,恶梦,267,,,,,,,,,,,,,,,,,
精神病性障碍,意识清楚,267,,,,,,,,,,,,,,,,,
血栓,运动功能减退,67,,,,,,,,,,,,,,,,,
血栓,厌食症,67,,,,,,,,,,,,,,,,,
血栓,高渗,67,,,,,,,,,,,,,,,,,
血栓,呼吸急促,67,,,,,,,,,,,,,,,,,
血栓,低蛋白血症,67,,,,,,,,,,,,,,,,,
血栓,瘙痒,67,,,,,,,,,,,,,,,,,
血栓,碰到就疼,67,,,,,,,,,,,,,,,,,
血栓,血流动力学稳定,67,,,,,,,,,,,,,,,,,
血栓,面瘫,67,,,,,,,,,,,,,,,,,
血栓,呕吐,67,,,,,,,,,,,,,,,,,
血栓,大便色黄,67,,,,,,,,,,,,,,,,,
慢性肾功能衰竭,呕吐,280,,,,,,,,,,,,,,,,,
慢性肾功能衰竭,端坐,280,,,,,,,,,,,,,,,,,
慢性肾功能衰竭,高钾血症,280,,,,,,,,,,,,,,,,,
慢性肾功能衰竭,少尿,280,,,,,,,,,,,,,,,,,
慢性肾功能衰竭,颈静脉怒张,280,,,,,,,,,,,,,,,,,
慢性肾功能衰竭,恶心,280,,,,,,,,,,,,,,,,,
慢性肾功能衰竭,呼吸急促,280,,,,,,,,,,,,,,,,,
慢性肾功能衰竭,精神状态的改变,280,,,,,,,,,,,,,,,,,
慢性肾功能衰竭,腹泻,280,,,,,,,,,,,,,,,,,
慢性肾功能衰竭,乏力,280,,,,,,,,,,,,,,,,,
慢性肾功能衰竭,胸部紧迫感,280,,,,,,,,,,,,,,,,,
慢性肾功能衰竭,全身乏力,280,,,,,,,,,,,,,,,,,
慢性肾功能衰竭,感觉冷,280,,,,,,,,,,,,,,,,,
慢性肾功能衰竭,罗音,280,,,,,,,,,,,,,,,,,
慢性肾功能衰竭,发热,280,,,,,,,,,,,,,,,,,
慢性肾功能衰竭,胸膜痛,280,,,,,,,,,,,,,,,,,
慢性肾功能衰竭,发热症状,280,,,,,,,,,,,,,,,,,
慢性肾功能衰竭,大便异常,280,,,,,,,,,,,,,,,,,
慢性肾功能衰竭,肿胀,280,,,,,,,,,,,,,,,,,
慢性肾功能衰竭,紧张症,280,,,,,,,,,,,,,,,,,
慢性肾功能衰竭,反应迟钝,280,,,,,,,,,,,,,,,,,
慢性肾功能衰竭,黄痰,280,,,,,,,,,,,,,,,,,
抑郁症,想自杀,1337,,,,,,,,,,,,,,,,,
抑郁症,自杀,1337,,,,,,,,,,,,,,,,,
抑郁症,听觉幻觉,1337,,,,,,,,,,,,,,,,,
抑郁症,感到绝望,1337,,,,,,,,,,,,,,,,,
抑郁症,伤心,1337,,,,,,,,,,,,,,,,,
抑郁症,失眠,1337,,,,,,,,,,,,,,,,,
抑郁症,运动发育迟缓,1337,,,,,,,,,,,,,,,,,
抑郁症,急躁的情绪,1337,,,,,,,,,,,,,,,,,
抑郁症,昏迷,1337,,,,,,,,,,,,,,,,,
抑郁症,心情郁闷,1337,,,,,,,,,,,,,,,,,
抑郁症,视觉幻觉,1337,,,,,,,,,,,,,,,,,
抑郁症,心悸,1337,,,,,,,,,,,,,,,,,
抑郁症,易怒,1337,,,,,,,,,,,,,,,,,
抑郁症,颤抖,1337,,,,,,,,,,,,,,,,,
抑郁症,醉,1337,,,,,,,,,,,,,,,,,
抑郁症,言语性幻听,1337,,,,,,,,,,,,,,,,,
抑郁症,增加能源,1337,,,,,,,,,,,,,,,,,
抑郁症,困难,1337,,,,,,,,,,,,,,,,,
抑郁症,恶梦,1337,,,,,,,,,,,,,,,,,
抑郁症,无法集中,1337,,,,,,,,,,,,,,,,,
抑郁症,无家可归,1337,,,,,,,,,,,,,,,,,
心肌梗死,胸部疼痛,759,,,,,,,,,,,,,,,,,
心肌梗死,ST段抬高,759,,,,,,,,,,,,,,,,,
心肌梗死,汗,759,,,,,,,,,,,,,,,,,
心肌梗死,出汗,759,,,,,,,,,,,,,,,,,
心肌梗死,呼吸急促,759,,,,,,,,,,,,,,,,,
心肌梗死,ST段压低,759,,,,,,,,,,,,,,,,,
心肌梗死,运动功能减退,759,,,,,,,,,,,,,,,,,
心肌梗死,心绞痛,759,,,,,,,,,,,,,,,,,
心肌梗死,压力胸部,759,,,,,,,,,,,,,,,,,
心肌梗死,T波倒置,759,,,,,,,,,,,,,,,,,
心肌梗死,端坐,759,,,,,,,,,,,,,,,,,
心肌梗死,罗音,759,,,,,,,,,,,,,,,,,
心肌梗死,胸部紧迫感,759,,,,,,,,,,,,,,,,,
心肌梗死,Q波的存在,759,,,,,,,,,,,,,,,,,
心肌梗死,心慌,759,,,,,,,,,,,,,,,,,
心肌梗死,呼吸困难,759,,,,,,,,,,,,,,,,,
心肌梗死,胸部不适,759,,,,,,,,,,,,,,,,,
心肌梗死,心动过缓,759,,,,,,,,,,,,,,,,,
心肌梗死,昏厥,759,,,,,,,,,,,,,,,,,
肥胖,痛,228,,,,,,,,,,,,,,,,,
肥胖,紧张症,228,,,,,,,,,,,,,,,,,
肥胖,鼾声,228,,,,,,,,,,,,,,,,,
肥胖,胸部疼痛,228,,,,,,,,,,,,,,,,,
肥胖,R波功能,228,,,,,,,,,,,,,,,,,
肥胖,有宗教信仰,228,,,,,,,,,,,,,,,,,
肥胖,呼吸急促,228,,,,,,,,,,,,,,,,,
肥胖,疲劳,228,,,,,,,,,,,,,,,,,
肥胖,累,228,,,,,,,,,,,,,,,,,
肥胖,超重,228,,,,,,,,,,,,,,,,,
肥胖,收缩期杂音,228,,,,,,,,,,,,,,,,,
肥胖,心情郁闷,228,,,,,,,,,,,,,,,,,
肥胖,瘀斑,228,,,,,,,,,,,,,,,,,
感染尿路,发热,597,,,,,,,,,,,,,,,,,
感染尿路,尿痛,597,,,,,,,,,,,,,,,,,
感染尿路,血尿,597,,,,,,,,,,,,,,,,,
感染尿路,肾功能角压痛,597,,,,,,,,,,,,,,,,,
感染尿路,昏睡,597,,,,,,,,,,,,,,,,,
感染尿路,乏力,597,,,,,,,,,,,,,,,,,
感染尿路,低钠血症,597,,,,,,,,,,,,,,,,,
感染尿路,血流动力学稳定,597,,,,,,,,,,,,,,,,,
感染尿路,呼吸窘迫,597,,,,,,,,,,,,,,,,,
感染尿路,排尿困难,597,,,,,,,,,,,,,,,,,
感染尿路,精神状态的改变,597,,,,,,,,,,,,,,,,,
感染尿路,意识清楚,597,,,,,,,,,,,,,,,,,
窦性心动过速,左心房肥大,56,,,,,,,,,,,,,,,,,
窦性心动过速,汗,56,,,,,,,,,,,,,,,,,
窦性心动过速,出汗,56,,,,,,,,,,,,,,,,,
窦性心动过速,酒精狂欢插曲,56,,,,,,,,,,,,,,,,,
窦性心动过速,压力胸部,56,,,,,,,,,,,,,,,,,
窦性心动过速,疤痕组织,56,,,,,,,,,,,,,,,,,
窦性心动过速,心血管发现,56,,,,,,,,,,,,,,,,,
窦性心动过速,心血管事件,56,,,,,,,,,,,,,,,,,
窦性心动过速,orthostasis,56,,,,,,,,,,,,,,,,,
窦性心动过速,呼吸急促,56,,,,,,,,,,,,,,,,,
窦性心动过速,T波倒置,56,,,,,,,,,,,,,,,,,
窦性心动过速,呕吐,56,,,,,,,,,,,,,,,,,
窦性心动过速,腹部疼痛,56,,,,,,,,,,,,,,,,,
痛风,潮热,124,,,,,,,,,,,,,,,,,
痛风,痛,124,,,,,,,,,,,,,,,,,
痛风,发红,124,,,,,,,,,,,,,,,,,
痛风,肿胀,124,,,,,,,,,,,,,,,,,
痛风,红斑,124,,,,,,,,,,,,,,,,,
痛风,气肿性变化,124,,,,,,,,,,,,,,,,,
痛风,碰到就疼,124,,,,,,,,,,,,,,,,,
痛风,运动功能减退,124,,,,,,,,,,,,,,,,,
痛风,腹水,124,,,,,,,,,,,,,,,,,
痛风,不配合治疗,124,,,,,,,,,,,,,,,,,
高血糖,碰到就疼,104,,,,,,,,,,,,,,,,,
高血糖,瘙痒,104,,,,,,,,,,,,,,,,,
高血糖,感觉怪怪的,104,,,,,,,,,,,,,,,,,
高血糖,脓包,104,,,,,,,,,,,,,,,,,
高血糖,满月脸,104,,,,,,,,,,,,,,,,,
高血糖,暴躁,104,,,,,,,,,,,,,,,,,
高血糖,体重降低,104,,,,,,,,,,,,,,,,,
高血糖,心情郁闷,104,,,,,,,,,,,,,,,,,
高血糖,使用雌激素,104,,,,,,,,,,,,,,,,,
高血糖,喘息,104,,,,,,,,,,,,,,,,,
高血糖,腹水,104,,,,,,,,,,,,,,,,,
高血糖,癫痫,104,,,,,,,,,,,,,,,,,
憩室,粪尿,114,,,,,,,,,,,,,,,,,
憩室,便秘,114,,,,,,,,,,,,,,,,,
憩室,脓肿的细菌,114,,,,,,,,,,,,,,,,,
憩室,血红素阳性,114,,,,,,,,,,,,,,,,,
憩室,头晕,114,,,,,,,,,,,,,,,,,
憩室,腹泻,114,,,,,,,,,,,,,,,,,
憩室,出血,114,,,,,,,,,,,,,,,,,
憩室,痛,114,,,,,,,,,,,,,,,,,
憩室,喷射性呕吐,114,,,,,,,,,,,,,,,,,
憩室,积气,114,,,,,,,,,,,,,,,,,
憩室,的囊性病变,114,,,,,,,,,,,,,,,,,
憩室,厌食症,114,,,,,,,,,,,,,,,,,
憩室,恶心,114,,,,,,,,,,,,,,,,,
憩室,想自杀,114,,,,,,,,,,,,,,,,,
憩室,感到绝望,114,,,,,,,,,,,,,,,,,
肾脏衰竭,端坐,140,,,,,,,,,,,,,,,,,
肾脏衰竭,少尿,140,,,,,,,,,,,,,,,,,
肾脏衰竭,尿流缓慢,140,,,,,,,,,,,,,,,,,
肾脏衰竭,极度衰竭,140,,,,,,,,,,,,,,,,,
肾脏衰竭,反应迟钝,140,,,,,,,,,,,,,,,,,
肾脏衰竭,低血压,140,,,,,,,,,,,,,,,,,
肾脏衰竭,夜尿,140,,,,,,,,,,,,,,,,,
肾脏衰竭,呼吸急促,140,,,,,,,,,,,,,,,,,
肾脏衰竭,出血,140,,,,,,,,,,,,,,,,,
肾脏衰竭,前列腺疾病,140,,,,,,,,,,,,,,,,,
肾脏衰竭,状态没有变化,140,,,,,,,,,,,,,,,,,
肾脏衰竭,卧床不起的,140,,,,,,,,,,,,,,,,,
肾脏衰竭,卧床不起的,140,,,,,,,,,,,,,,,,,
肾脏衰竭,疲劳,140,,,,,,,,,,,,,,,,,
精神分裂症,听觉幻觉,147,,,,,,,,,,,,,,,,,
精神分裂症,嗜睡,147,,,,,,,,,,,,,,,,,
精神分裂症,急躁的情绪,147,,,,,,,,,,,,,,,,,
精神分裂症,言语性幻听,147,,,,,,,,,,,,,,,,,
精神分裂症,不配合治疗,147,,,,,,,,,,,,,,,,,
精神分裂症,易怒,147,,,,,,,,,,,,,,,,,
精神分裂症,自杀,147,,,,,,,,,,,,,,,,,
精神分裂症,心悸,147,,,,,,,,,,,,,,,,,
精神分裂症,视觉幻觉,147,,,,,,,,,,,,,,,,,
精神分裂症,体重过轻,147,,,,,,,,,,,,,,,,,
精神分裂症,体重过轻,147,,,,,,,,,,,,,,,,,
精神分裂症,无家可归,147,,,,,,,,,,,,,,,,,
褥疮,收缩期杂音,42,,,,,,,,,,,,,,,,,
褥疮,脆弱,42,,,,,,,,,,,,,,,,,
褥疮,发热,42,,,,,,,,,,,,,,,,,
脑病,不协调,103,,,,,,,,,,,,,,,,,
脑病,扑翼样震颤,103,,,,,,,,,,,,,,,,,
脑病,出血,103,,,,,,,,,,,,,,,,,
脑病,睡意,103,,,,,,,,,,,,,,,,,
脑病,困,103,,,,,,,,,,,,,,,,,
脑病,缺席发现,103,,,,,,,,,,,,,,,,,
脑病,装腔作势,103,,,,,,,,,,,,,,,,,
脑病,光环,103,,,,,,,,,,,,,,,,,
脑病,强直发作,103,,,,,,,,,,,,,,,,,
脑病,衰弱,103,,,,,,,,,,,,,,,,,
脑病,意识清楚,103,,,,,,,,,,,,,,,,,
脑病,反应迟钝,103,,,,,,,,,,,,,,,,,
脑病,加粗,103,,,,,,,,,,,,,,,,,
脑病,运动功能减退,103,,,,,,,,,,,,,,,,,
不稳定的影响,极度衰竭,45,,,,,,,,,,,,,,,,,
不稳定的影响,失眠,45,,,,,,,,,,,,,,,,,
不稳定的影响,夜尿,45,,,,,,,,,,,,,,,,,
不稳定的影响,不配合治疗,45,,,,,,,,,,,,,,,,,
不稳定的影响,感到绝望,45,,,,,,,,,,,,,,,,,
不稳定的影响,视觉幻觉,45,,,,,,,,,,,,,,,,,
不稳定的影响,卧床不起的,45,,,,,,,,,,,,,,,,,
不稳定的影响,卧床不起的,45,,,,,,,,,,,,,,,,,
不稳定的影响,前列腺疾病,45,,,,,,,,,,,,,,,,,
前列腺癌,血尿,163,,,,,,,,,,,,,,,,,
前列腺癌,感觉迟钝,163,,,,,,,,,,,,,,,,,
前列腺癌,乏力,163,,,,,,,,,,,,,,,,,
前列腺癌,多肌痛,163,,,,,,,,,,,,,,,,,
前列腺癌,通过石头,163,,,,,,,,,,,,,,,,,
前列腺癌,胸膜痛,163,,,,,,,,,,,,,,,,,
前列腺癌,大便异常,163,,,,,,,,,,,,,,,,,
前列腺癌,罗音,163,,,,,,,,,,,,,,,,,
前列腺癌,呼吸音减弱,163,,,,,,,,,,,,,,,,,
前列腺癌,急迫性尿失禁,163,,,,,,,,,,,,,,,,,
前列腺癌,尿痛,163,,,,,,,,,,,,,,,,,
前列腺癌,腹泻,163,,,,,,,,,,,,,,,,,
前列腺癌,眩晕,163,,,,,,,,,,,,,,,,,
前列腺癌,QT间期延长,163,,,,,,,,,,,,,,,,,
前列腺癌,共济失调,163,,,,,,,,,,,,,,,,,
前列腺癌,轻瘫,163,,,,,,,,,,,,,,,,,
前列腺癌,偏盲同名,163,,,,,,,,,,,,,,,,,
前列腺癌,肿瘤细胞的侵袭,163,,,,,,,,,,,,,,,,,
前列腺癌,血流动力学稳定,163,,,,,,,,,,,,,,,,,
前列腺癌,车身结构的质量,163,,,,,,,,,,,,,,,,,
前列腺癌,鼾音,163,,,,,,,,,,,,,,,,,
前列腺癌,orthostasis,163,,,,,,,,,,,,,,,,,
前列腺癌,体重降低,163,,,,,,,,,,,,,,,,,
阿尔茨海默氏病,流口水,101,,,,,,,,,,,,,,,,,
阿尔茨海默氏病,易怒,101,,,,,,,,,,,,,,,,,
阿尔茨海默氏病,恶梦,101,,,,,,,,,,,,,,,,,
阿尔茨海默氏病,鼾音,101,,,,,,,,,,,,,,,,,
阿尔茨海默氏病,意识清楚,101,,,,,,,,,,,,,,,,,
阿尔茨海默氏病,针点的学生,101,,,,,,,,,,,,,,,,,
阿尔茨海默氏病,卧床不起的,101,,,,,,,,,,,,,,,,,
阿尔茨海默氏病,卧床不起的,101,,,,,,,,,,,,,,,,,
阿尔茨海默氏病,脆弱,101,,,,,,,,,,,,,,,,,
阿尔茨海默氏病,静止性震颤,101,,,,,,,,,,,,,,,,,
阿尔茨海默氏病,高钾血症,101,,,,,,,,,,,,,,,,,
阿尔茨海默氏病,面瘫,101,,,,,,,,,,,,,,,,,
阿尔茨海默氏病,糊里糊涂的,101,,,,,,,,,,,,,,,,,
阿尔茨海默氏病,肌肉抽搐,101,,,,,,,,,,,,,,,,,
阿尔茨海默氏病,坐轮椅,101,,,,,,,,,,,,,,,,,
阿尔茨海默氏病,颤抖,101,,,,,,,,,,,,,,,,,
阿尔茨海默氏病,咳嗽,101,,,,,,,,,,,,,,,,,
阿尔茨海默氏病,发热,101,,,,,,,,,,,,,,,,,
失禁,截瘫,165,,,,,,,,,,,,,,,,,
失禁,癫痫,165,,,,,,,,,,,,,,,,,
失禁,乏力,165,,,,,,,,,,,,,,,,,
失禁,急迫性尿失禁,165,,,,,,,,,,,,,,,,,
失禁,无意识的状态下,165,,,,,,,,,,,,,,,,,
失禁,光环,165,,,,,,,,,,,,,,,,,
失禁,喜怒无常,165,,,,,,,,,,,,,,,,,
失禁,震落,165,,,,,,,,,,,,,,,,,
失禁,颤抖,165,,,,,,,,,,,,,,,,,
失禁,痉挛,165,,,,,,,,,,,,,,,,,
失禁,不快乐,165,,,,,,,,,,,,,,,,,
失禁,昏厥,165,,,,,,,,,,,,,,,,,
失禁,摔倒,165,,,,,,,,,,,,,,,,,
失禁,刚性,165,,,,,,,,,,,,,,,,,
失禁,反应迟钝,165,,,,,,,,,,,,,,,,,
高胆红素血症,黄萎病,68,,,,,,,,,,,,,,,,,
高胆红素血症,呼吸急促,68,,,,,,,,,,,,,,,,,
高胆红素血症,第1,68,,,,,,,,,,,,,,,,,
高胆红素血症,心动过缓,68,,,,,,,,,,,,,,,,,
高胆红素血症,臀位,68,,,,,,,,,,,,,,,,,
高胆红素血症,满月脸,68,,,,,,,,,,,,,,,,,
高胆红素血症,暴躁,68,,,,,,,,,,,,,,,,,
高胆红素血症,咳嗽,68,,,,,,,,,,,,,,,,,
高胆红素血症,肌痛,68,,,,,,,,,,,,,,,,,
阵发性呼吸困难,端坐,165,,,,,,,,,,,,,,,,,
阵发性呼吸困难,呼吸急促,165,,,,,,,,,,,,,,,,,
阵发性呼吸困难,劳力性呼吸困难,165,,,,,,,,,,,,,,,,,
阵发性呼吸困难,颈静脉怒张,165,,,,,,,,,,,,,,,,,
阵发性呼吸困难,罗音,165,,,,,,,,,,,,,,,,,
阵发性呼吸困难,胸部疼痛,165,,,,,,,,,,,,,,,,,
阵发性呼吸困难,心慌,165,,,,,,,,,,,,,,,,,
阵发性呼吸困难,汗,165,,,,,,,,,,,,,,,,,
阵发性呼吸困难,出汗,165,,,,,,,,,,,,,,,,,
阵发性呼吸困难,体重增加,165,,,,,,,,,,,,,,,,,
阵发性呼吸困难,咳嗽,165,,,,,,,,,,,,,,,,,
阵发性呼吸困难,呼吸困难,165,,,,,,,,,,,,,,,,,
双相情感障碍,想自杀,241,,,,,,,,,,,,,,,,,
双相情感障碍,增加能源,241,,,,,,,,,,,,,,,,,
双相情感障碍,自杀,241,,,,,,,,,,,,,,,,,
双相情感障碍,急躁的情绪,241,,,,,,,,,,,,,,,,,
双相情感障碍,易怒,241,,,,,,,,,,,,,,,,,
双相情感障碍,有宗教信仰,241,,,,,,,,,,,,,,,,,
双相情感障碍,不安的家庭,241,,,,,,,,,,,,,,,,,
双相情感障碍,听觉幻觉,241,,,,,,,,,,,,,,,,,
双相情感障碍,言语性幻听,241,,,,,,,,,,,,,,,,,
双相情感障碍,伤心,241,,,,,,,,,,,,,,,,,
双相情感障碍,行为异常活跃,241,,,,,,,,,,,,,,,,,
双相情感障碍,紧张症,241,,,,,,,,,,,,,,,,,
双相情感障碍,感到绝望,241,,,,,,,,,,,,,,,,,
双相情感障碍,心悸,241,,,,,,,,,,,,,,,,,
双相情感障碍,失眠,241,,,,,,,,,,,,,,,,,
双相情感障碍,过度,241,,,,,,,,,,,,,,,,,
双相情感障碍,困难,241,,,,,,,,,,,,,,,,,
双相情感障碍,视觉幻觉,241,,,,,,,,,,,,,,,,,
双相情感障碍,多汗症,241,,,,,,,,,,,,,,,,,
双相情感障碍,瞳孔散大,241,,,,,,,,,,,,,,,,,
双相情感障碍,锥体外系标志,241,,,,,,,,,,,,,,,,,
双相情感障碍,松散结合,241,,,,,,,,,,,,,,,,,
双相情感障碍,醉,241,,,,,,,,,,,,,,,,,
双相情感障碍,运动发育迟缓,241,,,,,,,,,,,,,,,,,
双相情感障碍,无家可归,241,,,,,,,,,,,,,,,,,
双相情感障碍,昏迷,241,,,,,,,,,,,,,,,,,
双相情感障碍,颤抖,241,,,,,,,,,,,,,,,,,
双相情感障碍,衰竭,241,,,,,,,,,,,,,,,,,
肝炎,腹水,133,,,,,,,,,,,,,,,,,
肝炎,膜的自发性破裂,133,,,,,,,,,,,,,,,,,
肝炎,呼吸急促,133,,,,,,,,,,,,,,,,,
肝炎,腹部疼痛,133,,,,,,,,,,,,,,,,,
肝炎,瘙痒,133,,,,,,,,,,,,,,,,,
肝炎,厌食症,133,,,,,,,,,,,,,,,,,
肝炎,转氨酶,133,,,,,,,,,,,,,,,,,
肝炎,喷射性呕吐,133,,,,,,,,,,,,,,,,,
肝炎,感觉冷,133,,,,,,,,,,,,,,,,,
肝炎,呼吸窘迫,133,,,,,,,,,,,,,,,,,
肝炎,发热,133,,,,,,,,,,,,,,,,,
肝炎,呕吐,133,,,,,,,,,,,,,,,,,
心包积液身体物质,心包摩擦音,71,,,,,,,,,,,,,,,,,
心包积液身体物质,呼吸困难,71,,,,,,,,,,,,,,,,,
心包积液身体物质,呼吸急促,71,,,,,,,,,,,,,,,,,
心包积液身体物质,血流动力学稳定,71,,,,,,,,,,,,,,,,,
心包积液身体物质,心脏肥大,71,,,,,,,,,,,,,,,,,
心包积液身体物质,低血压,71,,,,,,,,,,,,,,,,,
心包积液身体物质,脓性痰,71,,,,,,,,,,,,,,,,,
心包积液身体物质,面瘫,71,,,,,,,,,,,,,,,,,
心包积液身体物质,痛,71,,,,,,,,,,,,,,,,,
心包积液身体物质,少尿,71,,,,,,,,,,,,,,,,,
心包积液身体物质,昏迷,71,,,,,,,,,,,,,,,,,
心包积液身体物质,醉,71,,,,,,,,,,,,,,,,,
粘着,胀气,57,,,,,,,,,,,,,,,,,
粘着,痛,57,,,,,,,,,,,,,,,,,
粘着,大换日期胎儿,57,,,,,,,,,,,,,,,,,
粘着,第1,57,,,,,,,,,,,,,,,,,
粘着,呕吐,57,,,,,,,,,,,,,,,,,
粘着,肺结节,57,,,,,,,,,,,,,,,,,
粘着,臀位,57,,,,,,,,,,,,,,,,,
粘着,呼吸急促,57,,,,,,,,,,,,,,,,,
粘着,体重降低,57,,,,,,,,,,,,,,,,,
粘着,动不了,57,,,,,,,,,,,,,,,,,
粘着,不稳定的步伐,57,,,,,,,,,,,,,,,,,
粘着,视觉幻觉,57,,,,,,,,,,,,,,,,,
粘着,想自杀,57,,,,,,,,,,,,,,,,,
胆结石,呕吐,61,,,,,,,,,,,,,,,,,
胆结石,恶心,61,,,,,,,,,,,,,,,,,
胆结石,腹部疼痛,61,,,,,,,,,,,,,,,,,
胆结石,痛,61,,,,,,,,,,,,,,,,,
胆结石,满月脸,61,,,,,,,,,,,,,,,,,
胆结石,暴躁,61,,,,,,,,,,,,,,,,,
胆结石,腹水,61,,,,,,,,,,,,,,,,,
胆结石,加粗,61,,,,,,,,,,,,,,,,,
胆结石,碰到就疼,61,,,,,,,,,,,,,,,,,
胆结石,腹泻,61,,,,,,,,,,,,,,,,,
胆结石,发热症状,61,,,,,,,,,,,,,,,,,
胆结石,心慌,61,,,,,,,,,,,,,,,,,
心内膜炎,胸膜痛,71,,,,,,,,,,,,,,,,,
心内膜炎,加粗,71,,,,,,,,,,,,,,,,,
心内膜炎,肌痛,71,,,,,,,,,,,,,,,,,
心内膜炎,发热症状,71,,,,,,,,,,,,,,,,,
心内膜炎,盗汗,71,,,,,,,,,,,,,,,,,
心内膜炎,闪光,71,,,,,,,,,,,,,,,,,
心内膜炎,呼吸急促,71,,,,,,,,,,,,,,,,,
心内膜炎,端坐,71,,,,,,,,,,,,,,,,,
心内膜炎,脓肿的细菌,71,,,,,,,,,,,,,,,,,
心内膜炎,低血压,71,,,,,,,,,,,,,,,,,
心内膜炎,咳嗽,71,,,,,,,,,,,,,,,,,
心内膜炎,转移病灶,71,,,,,,,,,,,,,,,,,
心内膜炎,呼吸音减弱,71,,,,,,,,,,,,,,,,,
心内膜炎,体重降低,71,,,,,,,,,,,,,,,,,
心内膜炎,心跳停滞,71,,,,,,,,,,,,,,,,,
心内膜炎,运动功能减退,71,,,,,,,,,,,,,,,,,
获得性免疫缺陷综合征,发热,350,,,,,,,,,,,,,,,,,
获得性免疫缺陷综合征,盗汗,350,,,,,,,,,,,,,,,,,
获得性免疫缺陷综合征,膜的自发性破裂,350,,,,,,,,,,,,,,,,,
获得性免疫缺陷综合征,咳嗽,350,,,,,,,,,,,,,,,,,
获得性免疫缺陷综合征,体重降低,350,,,,,,,,,,,,,,,,,
获得性免疫缺陷综合征,感觉冷,350,,,,,,,,,,,,,,,,,
获得性免疫缺陷综合征,腹泻,350,,,,,,,,,,,,,,,,,
获得性免疫缺陷综合征,胸膜痛,350,,,,,,,,,,,,,,,,,
获得性免疫缺陷综合征,不配合治疗,350,,,,,,,,,,,,,,,,,
获得性免疫缺陷综合征,呼吸急促,350,,,,,,,,,,,,,,,,,
获得性免疫缺陷综合征,咳嗽,350,,,,,,,,,,,,,,,,,
获得性免疫缺陷综合征,张力减退,350,,,,,,,,,,,,,,,,,
获得性免疫缺陷综合征,低渗,350,,,,,,,,,,,,,,,,,
获得性免疫缺陷综合征,想自杀,350,,,,,,,,,,,,,,,,,
气胸,呼吸困难,68,,,,,,,,,,,,,,,,,
气胸,心血管发现,68,,,,,,,,,,,,,,,,,
气胸,心血管事件,68,,,,,,,,,,,,,,,,,
气胸,咯血,68,,,,,,,,,,,,,,,,,
气胸,咳嗽,68,,,,,,,,,,,,,,,,,
气胸,高碳酸血症,68,,,,,,,,,,,,,,,,,
气胸,软组织肿胀,68,,,,,,,,,,,,,,,,,
气胸,前列腺疾病,68,,,,,,,,,,,,,,,,,
气胸,易怒,68,,,,,,,,,,,,,,,,,
脑血管意外,构音障碍,885,,,,,,,,,,,,,,,,,
脑血管意外,乏力,885,,,,,,,,,,,,,,,,,
脑血管意外,言语不清,885,,,,,,,,,,,,,,,,,
脑血管意外,面瘫,885,,,,,,,,,,,,,,,,,
脑血管意外,偏瘫,885,,,,,,,,,,,,,,,,,
脑血管意外,反应迟钝,885,,,,,,,,,,,,,,,,,
脑血管意外,癫痫,885,,,,,,,,,,,,,,,,,
脑血管意外,麻木,885,,,,,,,,,,,,,,,,,
混乱,癫痫,408,,,,,,,,,,,,,,,,,
混乱,夜尿,408,,,,,,,,,,,,,,,,,
混乱,昏睡,408,,,,,,,,,,,,,,,,,
混乱,言语不清,408,,,,,,,,,,,,,,,,,
混乱,摔倒,408,,,,,,,,,,,,,,,,,
混乱,意识清楚,408,,,,,,,,,,,,,,,,,
混乱,精神状态的改变,408,,,,,,,,,,,,,,,,,
混乱,扑翼样震颤,408,,,,,,,,,,,,,,,,,
混乱,无意识的状态下,408,,,,,,,,,,,,,,,,,
混乱,易怒,408,,,,,,,,,,,,,,,,,
混乱,肌肉抽搐,408,,,,,,,,,,,,,,,,,
混乱,乏力,408,,,,,,,,,,,,,,,,,
混乱,困,408,,,,,,,,,,,,,,,,,
混乱,头晕,408,,,,,,,,,,,,,,,,,
混乱,头痛,408,,,,,,,,,,,,,,,,,
混乱,构音障碍,408,,,,,,,,,,,,,,,,,
混乱,头晕,408,,,,,,,,,,,,,,,,,
混乱,颤抖,408,,,,,,,,,,,,,,,,,
混乱,低钠血症,408,,,,,,,,,,,,,,,,,
混乱,反应迟钝,408,,,,,,,,,,,,,,,,,
念珠菌病,腹泻,99,,,,,,,,,,,,,,,,,
念珠菌病,喉咙痛,99,,,,,,,,,,,,,,,,,
念珠菌病,体重降低,99,,,,,,,,,,,,,,,,,
念珠菌病,感觉冷,99,,,,,,,,,,,,,,,,,
念珠菌病,头痛,99,,,,,,,,,,,,,,,,,
念珠菌病,腹部压痛,99,,,,,,,,,,,,,,,,,
念珠菌病,不配合治疗,99,,,,,,,,,,,,,,,,,
念珠菌病,畏光,99,,,,,,,,,,,,,,,,,
念珠菌病,盗汗,99,,,,,,,,,,,,,,,,,
念珠菌病,吞咽疼痛,99,,,,,,,,,,,,,,,,,
念珠菌病,牙列差,99,,,,,,,,,,,,,,,,,
念珠菌病,转氨酶,99,,,,,,,,,,,,,,,,,
念珠菌病,非生产性咳嗽,99,,,,,,,,,,,,,,,,,
念珠菌病,不良反应,99,,,,,,,,,,,,,,,,,
念珠菌病,负面影响,99,,,,,,,,,,,,,,,,,
念珠菌病,腹胀,99,,,,,,,,,,,,,,,,,
焦虑状态,心悸,390,,,,,,,,,,,,,,,,,
焦虑状态,想自杀,390,,,,,,,,,,,,,,,,,
焦虑状态,自杀,390,,,,,,,,,,,,,,,,,
焦虑状态,失眠,390,,,,,,,,,,,,,,,,,
焦虑状态,感到绝望,390,,,,,,,,,,,,,,,,,
焦虑状态,急躁的情绪,390,,,,,,,,,,,,,,,,,
焦虑状态,颤抖,390,,,,,,,,,,,,,,,,,
焦虑状态,昏迷,390,,,,,,,,,,,,,,,,,
焦虑状态,伤心,390,,,,,,,,,,,,,,,,,
焦虑状态,有宗教信仰,390,,,,,,,,,,,,,,,,,
焦虑状态,神经紧张,390,,,,,,,,,,,,,,,,,
焦虑状态,视觉幻觉,390,,,,,,,,,,,,,,,,,
焦虑状态,有蚂蚁的感觉,390,,,,,,,,,,,,,,,,,
焦虑状态,困难,390,,,,,,,,,,,,,,,,,
焦虑状态,胸部疼痛,390,,,,,,,,,,,,,,,,,
焦虑状态,不配合治疗,390,,,,,,,,,,,,,,,,,
焦虑状态,易怒,390,,,,,,,,,,,,,,,,,
焦虑状态,心慌,390,,,,,,,,,,,,,,,,,
焦虑状态,听觉幻觉,390,,,,,,,,,,,,,,,,,
焦虑状态,心情郁闷,390,,,,,,,,,,,,,,,,,
焦虑状态,潮热,390,,,,,,,,,,,,,,,,,
焦虑状态,痛,390,,,,,,,,,,,,,,,,,
焦虑状态,意识清楚,390,,,,,,,,,,,,,,,,,
焦虑状态,恶梦,390,,,,,,,,,,,,,,,,,
肝硬化,腹水,218,,,,,,,,,,,,,,,,,
肝硬化,摔倒,218,,,,,,,,,,,,,,,,,
肝硬化,脾肿大,218,,,,,,,,,,,,,,,,,
肝硬化,瘙痒,218,,,,,,,,,,,,,,,,,
肝硬化,腹部疼痛,218,,,,,,,,,,,,,,,,,
肝硬化,肿瘤细胞的侵袭,218,,,,,,,,,,,,,,,,,
肝硬化,腹胀,218,,,,,,,,,,,,,,,,,
肝硬化,病变,218,,,,,,,,,,,,,,,,,
肝硬化,血流动力学稳定,218,,,,,,,,,,,,,,,,,
肝硬化,大便异常,218,,,,,,,,,,,,,,,,,
肝硬化,碰到就疼,218,,,,,,,,,,,,,,,,,
肝硬化,阴道出血,218,,,,,,,,,,,,,,,,,
全血细胞减少,低蛋白血症,61,,,,,,,,,,,,,,,,,
全血细胞减少,疲劳,61,,,,,,,,,,,,,,,,,
全血细胞减少,出血,61,,,,,,,,,,,,,,,,,
全血细胞减少,易疲劳,61,,,,,,,,,,,,,,,,,
全血细胞减少,满月脸,61,,,,,,,,,,,,,,,,,
全血细胞减少,暴躁,61,,,,,,,,,,,,,,,,,
全血细胞减少,大便色黄,61,,,,,,,,,,,,,,,,,
全血细胞减少,腹部绞痛,61,,,,,,,,,,,,,,,,,
口腔念珠菌病,腹泻,99,,,,,,,,,,,,,,,,,
口腔念珠菌病,喉咙痛,99,,,,,,,,,,,,,,,,,
口腔念珠菌病,体重降低,99,,,,,,,,,,,,,,,,,
口腔念珠菌病,感觉冷,99,,,,,,,,,,,,,,,,,
口腔念珠菌病,头痛,99,,,,,,,,,,,,,,,,,
口腔念珠菌病,腹部压痛,99,,,,,,,,,,,,,,,,,
口腔念珠菌病,不配合治疗,99,,,,,,,,,,,,,,,,,
口腔念珠菌病,畏光,99,,,,,,,,,,,,,,,,,
口腔念珠菌病,盗汗,99,,,,,,,,,,,,,,,,,
口腔念珠菌病,吞咽疼痛,99,,,,,,,,,,,,,,,,,
口腔念珠菌病,牙列差,99,,,,,,,,,,,,,,,,,
口腔念珠菌病,转氨酶,99,,,,,,,,,,,,,,,,,
口腔念珠菌病,非生产性咳嗽,99,,,,,,,,,,,,,,,,,
口腔念珠菌病,不良反应,99,,,,,,,,,,,,,,,,,
口腔念珠菌病,负面影响,99,,,,,,,,,,,,,,,,,
口腔念珠菌病,腹胀,99,,,,,,,,,,,,,,,,,
憩室炎,腹部疼痛,145,,,,,,,,,,,,,,,,,
憩室炎,脓肿的细菌,145,,,,,,,,,,,,,,,,,
憩室炎,浊音,145,,,,,,,,,,,,,,,,,
憩室炎,红色斑点,145,,,,,,,,,,,,,,,,,
憩室炎,腹泻,145,,,,,,,,,,,,,,,,,
憩室炎,碰到就疼,145,,,,,,,,,,,,,,,,,
憩室炎,尿痛,145,,,,,,,,,,,,,,,,,
憩室炎,痛,145,,,,,,,,,,,,,,,,,
憩室炎,呕吐,145,,,,,,,,,,,,,,,,,
憩室炎,窦性心律,145,,,,,,,,,,,,,,,,,
憩室炎,腹部绞痛,145,,,,,,,,,,,,,,,,,
憩室炎,发热症状,145,,,,,,,,,,,,,,,,,
憩室炎,腹部压痛,145,,,,,,,,,,,,,,,,,
憩室炎,发热,145,,,,,,,,,,,,,,,,,
憩室炎,不稳定的步伐,145,,,,,,,,,,,,,,,,,
憩室炎,加粗,145,,,,,,,,,,,,,,,,,
憩室炎,排尿的迫切性,145,,,,,,,,,,,,,,,,,
憩室炎,厌食症,145,,,,,,,,,,,,,,,,,
憩室炎,单克隆,145,,,,,,,,,,,,,,,,,
憩室炎,便秘,145,,,,,,,,,,,,,,,,,
支气管痉挛,呼吸急促,76,,,,,,,,,,,,,,,,,
支气管痉挛,疤痕组织,76,,,,,,,,,,,,,,,,,
支气管痉挛,发热症状,76,,,,,,,,,,,,,,,,,
支气管痉挛,无药物过敏史,76,,,,,,,,,,,,,,,,,
支气管痉挛,痛,76,,,,,,,,,,,,,,,,,
支气管痉挛,咳嗽,76,,,,,,,,,,,,,,,,,
支气管痉挛,喉咙痛,76,,,,,,,,,,,,,,,,,
支气管痉挛,呼吸困难,76,,,,,,,,,,,,,,,,,
支气管痉挛,胸部紧迫感,76,,,,,,,,,,,,,,,,,
支气管痉挛,低氧血症,76,,,,,,,,,,,,,,,,,
支气管痉挛,呼吸急促,76,,,,,,,,,,,,,,,,,
支气管痉挛,感觉不适,76,,,,,,,,,,,,,,,,,
支气管痉挛,发热,76,,,,,,,,,,,,,,,,,
支气管痉挛,呕吐,76,,,,,,,,,,,,,,,,,
支气管痉挛,鼾音,76,,,,,,,,,,,,,,,,,
支气管痉挛,偏瘫,76,,,,,,,,,,,,,,,,,
支气管痉挛,震颤,76,,,,,,,,,,,,,,,,,
溃疡消化性溃疡,腹部疼痛,143,,,,,,,,,,,,,,,,,
溃疡消化性溃疡,截瘫,143,,,,,,,,,,,,,,,,,
溃疡消化性溃疡,恶心,143,,,,,,,,,,,,,,,,,
溃疡消化性溃疡,呕吐,143,,,,,,,,,,,,,,,,,
溃疡消化性溃疡,多肌痛,143,,,,,,,,,,,,,,,,,
溃疡消化性溃疡,上气不接下气,143,,,,,,,,,,,,,,,,,
溃疡消化性溃疡,胸部疼痛,143,,,,,,,,,,,,,,,,,
溃疡消化性溃疡,偏瘫,143,,,,,,,,,,,,,,,,,
溃疡消化性溃疡,汩汩,143,,,,,,,,,,,,,,,,,
溃疡消化性溃疡,饥饿,143,,,,,,,,,,,,,,,,,
溃疡消化性溃疡,发热症状,143,,,,,,,,,,,,,,,,,
溃疡消化性溃疡,神经紧张,143,,,,,,,,,,,,,,,,,
精神抑郁症,想自杀,1337,,,,,,,,,,,,,,,,,
精神抑郁症,自杀,1337,,,,,,,,,,,,,,,,,
精神抑郁症,听觉幻觉,1337,,,,,,,,,,,,,,,,,
精神抑郁症,感到绝望,1337,,,,,,,,,,,,,,,,,
精神抑郁症,伤心,1337,,,,,,,,,,,,,,,,,
精神抑郁症,失眠,1337,,,,,,,,,,,,,,,,,
精神抑郁症,运动发育迟缓,1337,,,,,,,,,,,,,,,,,
精神抑郁症,急躁的情绪,1337,,,,,,,,,,,,,,,,,
精神抑郁症,昏迷,1337,,,,,,,,,,,,,,,,,
精神抑郁症,心情郁闷,1337,,,,,,,,,,,,,,,,,
精神抑郁症,视觉幻觉,1337,,,,,,,,,,,,,,,,,
精神抑郁症,心悸,1337,,,,,,,,,,,,,,,,,
精神抑郁症,易怒,1337,,,,,,,,,,,,,,,,,
精神抑郁症,颤抖,1337,,,,,,,,,,,,,,,,,
精神抑郁症,醉,1337,,,,,,,,,,,,,,,,,
精神抑郁症,言语性幻听,1337,,,,,,,,,,,,,,,,,
精神抑郁症,增加能源,1337,,,,,,,,,,,,,,,,,
精神抑郁症,困难,1337,,,,,,,,,,,,,,,,,
精神抑郁症,恶梦,1337,,,,,,,,,,,,,,,,,
精神抑郁症,无法集中,1337,,,,,,,,,,,,,,,,,
精神抑郁症,无家可归,1337,,,,,,,,,,,,,,,,,
肺气肿肺,行为示出运动活性增加,80,,,,,,,,,,,,,,,,,
肺气肿肺,疤痕组织,80,,,,,,,,,,,,,,,,,
肺气肿肺,劳力性呼吸困难,80,,,,,,,,,,,,,,,,,
肺气肿肺,协调异常,80,,,,,,,,,,,,,,,,,
肺气肿肺,肌痛,80,,,,,,,,,,,,,,,,,
肺气肿肺,高碳酸血症,80,,,,,,,,,,,,,,,,,
肺气肿肺,皮肤湿冷,80,,,,,,,,,,,,,,,,,
肺气肿肺,有宗教信仰,80,,,,,,,,,,,,,,,,,
肺气肿肺,房间纺,80,,,,,,,,,,,,,,,,,
肺气肿肺,呻吟,80,,,,,,,,,,,,,,,,,
肺气肿肺,盗汗,80,,,,,,,,,,,,,,,,,
肺气肿肺,恶病质,80,,,,,,,,,,,,,,,,,
肺气肿肺,症状加重因素,80,,,,,,,,,,,,,,,,,
肺气肿肺,呼吸困难,80,,,,,,,,,,,,,,,,,
肺气肿肺,罗音,80,,,,,,,,,,,,,,,,,
肺气肿肺,冲洗,80,,,,,,,,,,,,,,,,,
肺气肿肺,吞咽疼痛,80,,,,,,,,,,,,,,,,,
肺气肿肺,关节痛,80,,,,,,,,,,,,,,,,,
肺气肿肺,呛,80,,,,,,,,,,,,,,,,,
肺气肿肺,里急后重,80,,,,,,,,,,,,,,,,,
肺气肿肺,便秘,80,,,,,,,,,,,,,,,,,
低血糖,反应迟钝,122,,,,,,,,,,,,,,,,,
低血糖,低温，自然,122,,,,,,,,,,,,,,,,,
低血糖,颠三倒四,122,,,,,,,,,,,,,,,,,
低血糖,QT间期延长,122,,,,,,,,,,,,,,,,,
低血糖,跛行,122,,,,,,,,,,,,,,,,,
低血糖,跛行,122,,,,,,,,,,,,,,,,,
低血糖,无意识的状态下,122,,,,,,,,,,,,,,,,,
低血糖,皮肤湿冷,122,,,,,,,,,,,,,,,,,
低血糖,尿,122,,,,,,,,,,,,,,,,,
低血糖,呼吸窘迫,122,,,,,,,,,,,,,,,,,
低血糖,低血压,122,,,,,,,,,,,,,,,,,
依赖,醉,67,,,,,,,,,,,,,,,,,
依赖,颤抖,67,,,,,,,,,,,,,,,,,
依赖,易怒,67,,,,,,,,,,,,,,,,,
依赖,自杀,67,,,,,,,,,,,,,,,,,
依赖,无家可归,67,,,,,,,,,,,,,,,,,
依赖,前列腺疾病,67,,,,,,,,,,,,,,,,,
依赖,昏睡,67,,,,,,,,,,,,,,,,,
依赖,癫痫,67,,,,,,,,,,,,,,,,,
依赖,肌肉抽搐,67,,,,,,,,,,,,,,,,,
依赖,鼻塞,67,,,,,,,,,,,,,,,,,
依赖,感到绝望,67,,,,,,,,,,,,,,,,,
依赖,重腿,67,,,,,,,,,,,,,,,,,
依赖,罗音,67,,,,,,,,,,,,,,,,,
骨髓炎,痛,142,,,,,,,,,,,,,,,,,
骨髓炎,发红,142,,,,,,,,,,,,,,,,,
骨髓炎,前列腺招标,142,,,,,,,,,,,,,,,,,
骨髓炎,发热,142,,,,,,,,,,,,,,,,,
骨髓炎,排尿困难,142,,,,,,,,,,,,,,,,,
骨髓炎,碰到就疼,142,,,,,,,,,,,,,,,,,
骨髓炎,肿胀,142,,,,,,,,,,,,,,,,,
骨髓炎,发热症状,142,,,,,,,,,,,,,,,,,
骨髓炎,红斑,142,,,,,,,,,,,,,,,,,
骨髓炎,脓肿的细菌,142,,,,,,,,,,,,,,,,,
骨髓炎,痛脚,142,,,,,,,,,,,,,,,,,
骨髓炎,尿犹豫,142,,,,,,,,,,,,,,,,,
痔核,出血,80,,,,,,,,,,,,,,,,,
痔核,肠鸣音减弱,80,,,,,,,,,,,,,,,,,
痔核,大便下降口径,80,,,,,,,,,,,,,,,,,
痔核,恶心和呕吐,80,,,,,,,,,,,,,,,,,
痔核,饥饿,80,,,,,,,,,,,,,,,,,
痔核,腹泻,80,,,,,,,,,,,,,,,,,
痔核,头晕,80,,,,,,,,,,,,,,,,,
痔核,低钠血症,80,,,,,,,,,,,,,,,,,
痔核,阵挛,80,,,,,,,,,,,,,,,,,
痔核,痛,80,,,,,,,,,,,,,,,,,
痔核,贲门失弛缓症,80,,,,,,,,,,,,,,,,,
痔核,烧灼感,80,,,,,,,,,,,,,,,,,
痔核,大便异常,80,,,,,,,,,,,,,,,,,
痔核,手麻木,80,,,,,,,,,,,,,,,,,
痔核,喘息,80,,,,,,,,,,,,,,,,,
痔核,咳嗽,80,,,,,,,,,,,,,,,,,
肝细胞的原发癌,车身结构的质量,82,,,,,,,,,,,,,,,,,
肝细胞的原发癌,脾肿大,82,,,,,,,,,,,,,,,,,
肝细胞的原发癌,病变,82,,,,,,,,,,,,,,,,,
肝细胞的原发癌,轻瘫,82,,,,,,,,,,,,,,,,,
肝细胞的原发癌,肿瘤细胞的侵袭,82,,,,,,,,,,,,,,,,,
肝细胞的原发癌,房间纺,82,,,,,,,,,,,,,,,,,
肝细胞的原发癌,出血,82,,,,,,,,,,,,,,,,,
肝细胞的原发癌,加粗,82,,,,,,,,,,,,,,,,,
肝细胞的原发癌,淡然的心情,82,,,,,,,,,,,,,,,,,
肝细胞的原发癌,恶病质,82,,,,,,,,,,,,,,,,,
肝细胞的原发癌,低温，自然,82,,,,,,,,,,,,,,,,,
肝细胞的原发癌,腹部疼痛,82,,,,,,,,,,,,,,,,,
肝细胞的原发癌,肝肿大,82,,,,,,,,,,,,,,,,,
肝细胞的原发癌,红细胞压积下降,82,,,,,,,,,,,,,,,,,
肝细胞的原发癌,麻木,82,,,,,,,,,,,,,,,,,
肝细胞的原发癌,体重降低,82,,,,,,,,,,,,,,,,,
肝细胞的原发癌,呼吸急促,82,,,,,,,,,,,,,,,,,
肝细胞的原发癌,咳嗽,82,,,,,,,,,,,,,,,,,
肾盂肾炎,发热,74,,,,,,,,,,,,,,,,,
肾盂肾炎,痛,74,,,,,,,,,,,,,,,,,
肾盂肾炎,排尿的迫切性,74,,,,,,,,,,,,,,,,,
肾盂肾炎,血尿,74,,,,,,,,,,,,,,,,,
肾盂肾炎,呕吐,74,,,,,,,,,,,,,,,,,
肾盂肾炎,感觉冷,74,,,,,,,,,,,,,,,,,
肾盂肾炎,腹泻,74,,,,,,,,,,,,,,,,,
肾盂肾炎,恶心,74,,,,,,,,,,,,,,,,,
肾盂肾炎,腹部疼痛,74,,,,,,,,,,,,,,,,,
肾盂肾炎,肌痛,74,,,,,,,,,,,,,,,,,
肾盂肾炎,发热,74,,,,,,,,,,,,,,,,,
肾盂肾炎,感觉冷,74,,,,,,,,,,,,,,,,,
胰腺炎,呕吐,165,,,,,,,,,,,,,,,,,
胰腺炎,腹部疼痛,165,,,,,,,,,,,,,,,,,
胰腺炎,恶心,165,,,,,,,,,,,,,,,,,
胰腺炎,痛,165,,,,,,,,,,,,,,,,,
胰腺炎,腹泻,165,,,,,,,,,,,,,,,,,
胰腺炎,大便色黄,165,,,,,,,,,,,,,,,,,
胰腺炎,严谨 - 温度相关的观察,165,,,,,,,,,,,,,,,,,
胰腺炎,发热症状,165,,,,,,,,,,,,,,,,,
胰腺炎,碰到就疼,165,,,,,,,,,,,,,,,,,
胆石病,呕吐,61,,,,,,,,,,,,,,,,,
胆石病,恶心,61,,,,,,,,,,,,,,,,,
胆石病,腹部疼痛,61,,,,,,,,,,,,,,,,,
胆石病,痛,61,,,,,,,,,,,,,,,,,
胆石病,满月脸,61,,,,,,,,,,,,,,,,,
胆石病,暴躁,61,,,,,,,,,,,,,,,,,
胆石病,腹水,61,,,,,,,,,,,,,,,,,
胆石病,加粗,61,,,,,,,,,,,,,,,,,
胆石病,碰到就疼,61,,,,,,,,,,,,,,,,,
胆石病,腹泻,61,,,,,,,,,,,,,,,,,
胆石病,发热症状,61,,,,,,,,,,,,,,,,,
胆石病,心慌,61,,,,,,,,,,,,,,,,,
心肌病,呼吸急促,283,,,,,,,,,,,,,,,,,
心肌病,端坐,283,,,,,,,,,,,,,,,,,
心肌病,运动功能减退,283,,,,,,,,,,,,,,,,,
心肌病,颈静脉怒张,283,,,,,,,,,,,,,,,,,
心肌病,心慌,283,,,,,,,,,,,,,,,,,
心肌病,胸部疼痛,283,,,,,,,,,,,,,,,,,
心肌病,昏厥,283,,,,,,,,,,,,,,,,,
心肌病,黄痰,283,,,,,,,,,,,,,,,,,
心肌病,罗音,283,,,,,,,,,,,,,,,,,
心肌病,呼吸困难,283,,,,,,,,,,,,,,,,,
心肌病,劳力性呼吸困难,283,,,,,,,,,,,,,,,,,
心肌病,左心房肥大,283,,,,,,,,,,,,,,,,,
心肌病,疲劳,283,,,,,,,,,,,,,,,,,
心肌病,体重增加,283,,,,,,,,,,,,,,,,,
心肌病,不配合治疗,283,,,,,,,,,,,,,,,,,
卡氏肺囊虫肺炎,黄痰,113,,,,,,,,,,,,,,,,,
卡氏肺囊虫肺炎,恶病质,113,,,,,,,,,,,,,,,,,
卡氏肺囊虫肺炎,感觉冷,113,,,,,,,,,,,,,,,,,
卡氏肺囊虫肺炎,体重降低,113,,,,,,,,,,,,,,,,,
卡氏肺囊虫肺炎,咳嗽,113,,,,,,,,,,,,,,,,,
卡氏肺囊虫肺炎,肌痛,113,,,,,,,,,,,,,,,,,
卡氏肺囊虫肺炎,腹泻,113,,,,,,,,,,,,,,,,,
卡氏肺囊虫肺炎,颈部僵硬,113,,,,,,,,,,,,,,,,,
卡氏肺囊虫肺炎,干咳,113,,,,,,,,,,,,,,,,,
卡氏肺囊虫肺炎,性交疼痛,113,,,,,,,,,,,,,,,,,
卡氏肺囊虫肺炎,低钾血症,113,,,,,,,,,,,,,,,,,
卡氏肺囊虫肺炎,劳力性呼吸困难,113,,,,,,,,,,,,,,,,,
卡氏肺囊虫肺炎,牙列差,113,,,,,,,,,,,,,,,,,
卡氏肺囊虫肺炎,转氨酶,113,,,,,,,,,,,,,,,,,
卡氏肺囊虫肺炎,非生产性咳嗽,113,,,,,,,,,,,,,,,,,
卡氏肺囊虫肺炎,头痛,113,,,,,,,,,,,,,,,,,
卡氏肺囊虫肺炎,软盘,113,,,,,,,,,,,,,,,,,
卡氏肺囊虫肺炎,膜的自发性破裂,113,,,,,,,,,,,,,,,,,
癌结肠,病变,94,,,,,,,,,,,,,,,,,
癌结肠,前列腺疾病,94,,,,,,,,,,,,,,,,,
癌结肠,便秘,94,,,,,,,,,,,,,,,,,
癌结肠,全身不适,94,,,,,,,,,,,,,,,,,
癌结肠,腹泻,94,,,,,,,,,,,,,,,,,
癌结肠,腹部疼痛,94,,,,,,,,,,,,,,,,,
癌结肠,尿犹豫,94,,,,,,,,,,,,,,,,,
癌结肠,头晕,94,,,,,,,,,,,,,,,,,
癌结肠,拍摄痛,94,,,,,,,,,,,,,,,,,
癌结肠,心动过缓,94,,,,,,,,,,,,,,,,,
癌结肠,呕吐,94,,,,,,,,,,,,,,,,,
癌结肠,收缩期喷射性杂音,94,,,,,,,,,,,,,,,,,
癌结肠,恶心,94,,,,,,,,,,,,,,,,,
癌结肠,妊娠剧,94,,,,,,,,,,,,,,,,,
癌结肠,口渴,94,,,,,,,,,,,,,,,,,
肺水肿,排尿的迫切性,161,,,,,,,,,,,,,,,,,
肺水肿,呼吸急促,161,,,,,,,,,,,,,,,,,
肺水肿,罗音,161,,,,,,,,,,,,,,,,,
肺水肿,呼吸急促,161,,,,,,,,,,,,,,,,,
肺水肿,端坐,161,,,,,,,,,,,,,,,,,
肺水肿,赫伯登的节点,161,,,,,,,,,,,,,,,,,
肺水肿,颈静脉怒张,161,,,,,,,,,,,,,,,,,
肺水肿,呼吸困难,161,,,,,,,,,,,,,,,,,
肺水肿,汗,161,,,,,,,,,,,,,,,,,
肺水肿,出汗,161,,,,,,,,,,,,,,,,,
肺水肿,不配合治疗,161,,,,,,,,,,,,,,,,,
肺水肿,胸部不适,161,,,,,,,,,,,,,,,,,
肺水肿,高钾血症,161,,,,,,,,,,,,,,,,,
肺水肿,窦性心律,161,,,,,,,,,,,,,,,,,
肺水肿,胸部疼痛,161,,,,,,,,,,,,,,,,,
肺水肿,低血压,161,,,,,,,,,,,,,,,,,
肺水肿,喘息,161,,,,,,,,,,,,,,,,,
乳房癌,肿块乳房,152,,,,,,,,,,,,,,,,,
乳房癌,车身结构的质量,152,,,,,,,,,,,,,,,,,
乳房癌,感觉异常,152,,,,,,,,,,,,,,,,,
乳房癌,退步疼,152,,,,,,,,,,,,,,,,,
乳房癌,红斑,152,,,,,,,,,,,,,,,,,
乳房癌,困难,152,,,,,,,,,,,,,,,,,
乳房癌,病变,152,,,,,,,,,,,,,,,,,
乳房癌,使用雌激素,152,,,,,,,,,,,,,,,,,
乳房癌,烧灼感,152,,,,,,,,,,,,,,,,,
乳房癌,呼吸困难,152,,,,,,,,,,,,,,,,,
乳房癌,肿胀,152,,,,,,,,,,,,,,,,,
乳房癌,有蚂蚁的感觉,152,,,,,,,,,,,,,,,,,
偏瘫,构音障碍,171,,,,,,,,,,,,,,,,,
偏瘫,轻瘫,171,,,,,,,,,,,,,,,,,
偏瘫,乏力,171,,,,,,,,,,,,,,,,,
偏瘫,吞咽不能,171,,,,,,,,,,,,,,,,,
偏瘫,癫痫,171,,,,,,,,,,,,,,,,,
偏瘫,言语不清,171,,,,,,,,,,,,,,,,,
偏瘫,局灶性发作,171,,,,,,,,,,,,,,,,,
偏瘫,偏瘫,171,,,,,,,,,,,,,,,,,
偏瘫,感觉异常,171,,,,,,,,,,,,,,,,,
偏瘫,反应迟钝,171,,,,,,,,,,,,,,,,,
偏瘫,麻木,171,,,,,,,,,,,,,,,,,
偏瘫,睡意,171,,,,,,,,,,,,,,,,,
偏瘫,困,171,,,,,,,,,,,,,,,,,
偏瘫,震颤,171,,,,,,,,,,,,,,,,,
偏瘫,Stahli公司的路线,171,,,,,,,,,,,,,,,,,
偏瘫,刺痛感,171,,,,,,,,,,,,,,,,,
偏瘫,瘫痪,171,,,,,,,,,,,,,,,,,
偏瘫,阵挛,171,,,,,,,,,,,,,,,,,
偏瘫,面瘫,171,,,,,,,,,,,,,,,,,
二尖瓣闭锁不全,呼吸急促,186,,,,,,,,,,,,,,,,,
二尖瓣闭锁不全,劳力性呼吸困难,186,,,,,,,,,,,,,,,,,
二尖瓣闭锁不全,无症状,186,,,,,,,,,,,,,,,,,
二尖瓣闭锁不全,运动功能减退,186,,,,,,,,,,,,,,,,,
二尖瓣闭锁不全,呼吸困难,186,,,,,,,,,,,,,,,,,
二尖瓣闭锁不全,昏厥,186,,,,,,,,,,,,,,,,,
二尖瓣闭锁不全,加粗,186,,,,,,,,,,,,,,,,,
二尖瓣闭锁不全,左心房肥大,186,,,,,,,,,,,,,,,,,
二尖瓣闭锁不全,心慌,186,,,,,,,,,,,,,,,,,
二尖瓣闭锁不全,疲劳,186,,,,,,,,,,,,,,,,,
二尖瓣闭锁不全,呕吐,186,,,,,,,,,,,,,,,,,
二尖瓣闭锁不全,痛,186,,,,,,,,,,,,,,,,,
二尖瓣闭锁不全,心脏肥大,186,,,,,,,,,,,,,,,,,
二尖瓣闭锁不全,胸部不适,186,,,,,,,,,,,,,,,,,
周边血管疾病,呼吸急促,268,,,,,,,,,,,,,,,,,
周边血管疾病,静息痛,268,,,,,,,,,,,,,,,,,
周边血管疾病,心绞痛,268,,,,,,,,,,,,,,,,,
周边血管疾病,反应迟钝,268,,,,,,,,,,,,,,,,,
周边血管疾病,高钾血症,268,,,,,,,,,,,,,,,,,
周边血管疾病,窦性心律,268,,,,,,,,,,,,,,,,,
周边血管疾病,呼吸困难,268,,,,,,,,,,,,,,,,,
周边血管疾病,呼吸困难,268,,,,,,,,,,,,,,,,,
周边血管疾病,碰到就疼,268,,,,,,,,,,,,,,,,,
周边血管疾病,厌食症,268,,,,,,,,,,,,,,,,,
周边血管疾病,困,268,,,,,,,,,,,,,,,,,
强直阵挛发作,睡意,92,,,,,,,,,,,,,,,,,
强直阵挛发作,咂嘴,92,,,,,,,,,,,,,,,,,
强直阵挛发作,肌阵挛,92,,,,,,,,,,,,,,,,,
强直阵挛发作,颤抖,92,,,,,,,,,,,,,,,,,
强直阵挛发作,畏声,92,,,,,,,,,,,,,,,,,
强直阵挛发作,眼睛滚动,92,,,,,,,,,,,,,,,,,
强直阵挛发作,困,92,,,,,,,,,,,,,,,,,
强直阵挛发作,多毛症,92,,,,,,,,,,,,,,,,,
强直阵挛发作,喜怒无常,92,,,,,,,,,,,,,,,,,
强直阵挛发作,肌肉抽搐,92,,,,,,,,,,,,,,,,,
强直阵挛发作,反应迟钝,92,,,,,,,,,,,,,,,,,
强直阵挛发作,头痛,92,,,,,,,,,,,,,,,,,
强直阵挛发作,怀二心,92,,,,,,,,,,,,,,,,,
强直阵挛发作,缺席发现,92,,,,,,,,,,,,,,,,,
强直阵挛发作,痉挛,92,,,,,,,,,,,,,,,,,
强直阵挛发作,体重降低,92,,,,,,,,,,,,,,,,,
强直阵挛发作,肿瘤细胞的侵袭,92,,,,,,,,,,,,,,,,,
心包积液,心包摩擦音,71,,,,,,,,,,,,,,,,,
心包积液,呼吸困难,71,,,,,,,,,,,,,,,,,
心包积液,呼吸急促,71,,,,,,,,,,,,,,,,,
心包积液,血流动力学稳定,71,,,,,,,,,,,,,,,,,
心包积液,心脏肥大,71,,,,,,,,,,,,,,,,,
心包积液,低血压,71,,,,,,,,,,,,,,,,,
心包积液,脓性痰,71,,,,,,,,,,,,,,,,,
心包积液,面瘫,71,,,,,,,,,,,,,,,,,
心包积液,痛,71,,,,,,,,,,,,,,,,,
心包积液,少尿,71,,,,,,,,,,,,,,,,,
心包积液,昏迷,71,,,,,,,,,,,,,,,,,
心包积液,醉,71,,,,,,,,,,,,,,,,,
血小板减少,瘀斑,123,,,,,,,,,,,,,,,,,
血小板减少,单核细胞增多,123,,,,,,,,,,,,,,,,,
血小板减少,后部鼻漏,123,,,,,,,,,,,,,,,,,
血小板减少,出血,123,,,,,,,,,,,,,,,,,
血小板减少,呼吸急促,123,,,,,,,,,,,,,,,,,
血小板减少,发热,123,,,,,,,,,,,,,,,,,
血小板减少,瘙痒,123,,,,,,,,,,,,,,,,,
血小板减少,低血压,123,,,,,,,,,,,,,,,,,
血小板减少,疲劳,123,,,,,,,,,,,,,,,,,
腺癌,车身结构的质量,166,,,,,,,,,,,,,,,,,
腺癌,病变,166,,,,,,,,,,,,,,,,,
腺癌,体重降低,166,,,,,,,,,,,,,,,,,
腺癌,便秘,166,,,,,,,,,,,,,,,,,
腺癌,震颤,166,,,,,,,,,,,,,,,,,
腺癌,大便下降口径,166,,,,,,,,,,,,,,,,,
腺癌,早饱腹感,166,,,,,,,,,,,,,,,,,
腺癌,便血,166,,,,,,,,,,,,,,,,,
腺癌,羊鸣音,166,,,,,,,,,,,,,,,,,
腺癌,痛,166,,,,,,,,,,,,,,,,,
腺癌,愈合,166,,,,,,,,,,,,,,,,,
腺癌,疤痕组织,166,,,,,,,,,,,,,,,,,
腺癌,腹部疼痛,166,,,,,,,,,,,,,,,,,
故障充血性心脏,呼吸急促,963,,,,,,,,,,,,,,,,,
故障充血性心脏,端坐,963,,,,,,,,,,,,,,,,,
故障充血性心脏,颈静脉怒张,963,,,,,,,,,,,,,,,,,
故障充血性心脏,罗音,963,,,,,,,,,,,,,,,,,
故障充血性心脏,呼吸困难,963,,,,,,,,,,,,,,,,,
故障充血性心脏,咳嗽,963,,,,,,,,,,,,,,,,,
故障充血性心脏,喘息,963,,,,,,,,,,,,,,,,,
皮疹,发热,208,,,,,,,,,,,,,,,,,
皮疹,瘙痒,208,,,,,,,,,,,,,,,,,
皮疹,斑疹,208,,,,,,,,,,,,,,,,,
皮疹,病变,208,,,,,,,,,,,,,,,,,
皮疹,发红,208,,,,,,,,,,,,,,,,,
皮疹,头痛,208,,,,,,,,,,,,,,,,,
皮疹,发热症状,208,,,,,,,,,,,,,,,,,
皮疹,关节痛,208,,,,,,,,,,,,,,,,,
皮疹,肿胀,208,,,,,,,,,,,,,,,,,
皮疹,红斑,208,,,,,,,,,,,,,,,,,
皮疹,畏光,208,,,,,,,,,,,,,,,,,
皮疹,感觉冷,208,,,,,,,,,,,,,,,,,
皮疹,抓痕,208,,,,,,,,,,,,,,,,,
皮疹,痛,208,,,,,,,,,,,,,,,,,
皮疹,吞咽疼痛,208,,,,,,,,,,,,,,,,,
缺血,睡意,226,,,,,,,,,,,,,,,,,
缺血,困,226,,,,,,,,,,,,,,,,,
缺血,胸部疼痛,226,,,,,,,,,,,,,,,,,
缺血,心绞痛,226,,,,,,,,,,,,,,,,,
缺血,压力胸部,226,,,,,,,,,,,,,,,,,
缺血,胸部不适,226,,,,,,,,,,,,,,,,,
缺血,呼吸急促,226,,,,,,,,,,,,,,,,,
缺血,呼吸困难,226,,,,,,,,,,,,,,,,,
缺血,窦性心律,226,,,,,,,,,,,,,,,,,
缺血,心动过缓,226,,,,,,,,,,,,,,,,,
缺血,汗,226,,,,,,,,,,,,,,,,,
缺血,出汗,226,,,,,,,,,,,,,,,,,
缺血,罗音,226,,,,,,,,,,,,,,,,,
缺血,无症状,226,,,,,,,,,,,,,,,,,
缺血,厌食症,226,,,,,,,,,,,,,,,,,
肺动脉高血压,呼吸急促,128,,,,,,,,,,,,,,,,,
肺动脉高血压,Stahli公司的路线,128,,,,,,,,,,,,,,,,,
肺动脉高血压,重腿,128,,,,,,,,,,,,,,,,,
肺动脉高血压,呼吸音减弱,128,,,,,,,,,,,,,,,,,
肺动脉高血压,颈部僵硬,128,,,,,,,,,,,,,,,,,
肺动脉高血压,劳力性呼吸困难,128,,,,,,,,,,,,,,,,,
肺动脉高血压,黄萎病,128,,,,,,,,,,,,,,,,,
肺动脉高血压,低血压,128,,,,,,,,,,,,,,,,,
肺动脉高血压,左心房肥大,128,,,,,,,,,,,,,,,,,
感染,发热,630,,,,,,,,,,,,,,,,,
感染,红斑,630,,,,,,,,,,,,,,,,,
感染,降低透明度,630,,,,,,,,,,,,,,,,,
感染,肝脾肿大,630,,,,,,,,,,,,,,,,,
感染,感觉冷,630,,,,,,,,,,,,,,,,,
感染,瘙痒,630,,,,,,,,,,,,,,,,,
感染,腹泻,630,,,,,,,,,,,,,,,,,
感染,脓肿的细菌,630,,,,,,,,,,,,,,,,,
感染,肿胀,630,,,,,,,,,,,,,,,,,
感染,痛,630,,,,,,,,,,,,,,,,,
感染,发热症状,630,,,,,,,,,,,,,,,,,
感染,咳嗽,630,,,,,,,,,,,,,,,,,
蜂窝织炎,红斑,341,,,,,,,,,,,,,,,,,
蜂窝织炎,痛,341,,,,,,,,,,,,,,,,,
蜂窝织炎,肿胀,341,,,,,,,,,,,,,,,,,
蜂窝织炎,发红,341,,,,,,,,,,,,,,,,,
蜂窝织炎,发热,341,,,,,,,,,,,,,,,,,
蜂窝织炎,脓肿的细菌,341,,,,,,,,,,,,,,,,,
蜂窝织炎,不配合治疗,341,,,,,,,,,,,,,,,,,
蜂窝织炎,感觉减退,341,,,,,,,,,,,,,,,,,
蜂窝织炎,听觉过敏,341,,,,,,,,,,,,,,,,,
蜂窝织炎,瘙痒,341,,,,,,,,,,,,,,,,,
蜂窝织炎,胸部疼痛,341,,,,,,,,,,,,,,,,,
蜂窝织炎,抓痕,341,,,,,,,,,,,,,,,,,
蜂窝织炎,感觉冷,341,,,,,,,,,,,,,,,,,
蜂窝织炎,碰到就疼,341,,,,,,,,,,,,,,,,,
淋巴疾病,痛,160,,,,,,,,,,,,,,,,,
淋巴疾病,车身结构的质量,160,,,,,,,,,,,,,,,,,
淋巴疾病,盗汗,160,,,,,,,,,,,,,,,,,
淋巴疾病,脾肿大,160,,,,,,,,,,,,,,,,,
淋巴疾病,病变,160,,,,,,,,,,,,,,,,,
淋巴疾病,感觉冷,160,,,,,,,,,,,,,,,,,
淋巴疾病,体重降低,160,,,,,,,,,,,,,,,,,
淋巴疾病,肿胀,160,,,,,,,,,,,,,,,,,
淋巴疾病,发热,160,,,,,,,,,,,,,,,,,
淋巴疾病,听觉过敏,160,,,,,,,,,,,,,,,,,
淋巴疾病,震颤,160,,,,,,,,,,,,,,,,,
淋巴疾病,非生产性咳嗽,160,,,,,,,,,,,,,,,,,
淋巴疾病,羊鸣音,160,,,,,,,,,,,,,,,,,
淋巴疾病,发红,160,,,,,,,,,,,,,,,,,
淋巴疾病,肝肿大,160,,,,,,,,,,,,,,,,,
淋巴疾病,疲劳,160,,,,,,,,,,,,,,,,,
胃肠炎,腹部疼痛,87,,,,,,,,,,,,,,,,,
胃肠炎,屏气法术,87,,,,,,,,,,,,,,,,,
胃肠炎,恶心,87,,,,,,,,,,,,,,,,,
胃肠炎,体重降低,87,,,,,,,,,,,,,,,,,
胃肠炎,碰到就疼,87,,,,,,,,,,,,,,,,,
胃肠炎,巩膜黄疸,87,,,,,,,,,,,,,,,,,
胃肠炎,发热,87,,,,,,,,,,,,,,,,,
胃肠炎,肌痛,87,,,,,,,,,,,,,,,,,
胃肠炎,低钠血症,87,,,,,,,,,,,,,,,,,
胃肠炎,干呕,87,,,,,,,,,,,,,,,,,
胃肠炎,车身结构的质量,87,,,,,,,,,,,,,,,,,
胃肠炎,体重降低,87,,,,,,,,,,,,,,,,,
帕金森综合症,贲门失弛缓症,108,,,,,,,,,,,,,,,,,
帕金森综合症,摔倒,108,,,,,,,,,,,,,,,,,
帕金森综合症,刚性,108,,,,,,,,,,,,,,,,,
帕金森综合症,退出,108,,,,,,,,,,,,,,,,,
帕金森综合症,易怒,108,,,,,,,,,,,,,,,,,
帕金森综合症,偏瘫,108,,,,,,,,,,,,,,,,,
帕金森综合症,困难,108,,,,,,,,,,,,,,,,,
帕金森综合症,反应迟钝,108,,,,,,,,,,,,,,,,,
帕金森综合症,昏厥,108,,,,,,,,,,,,,,,,,
帕金森综合症,面瘫,108,,,,,,,,,,,,,,,,,
帕金森综合症,orthostasis,108,,,,,,,,,,,,,,,,,
帕金森综合症,心悸,108,,,,,,,,,,,,,,,,,
帕金森综合症,睡意,108,,,,,,,,,,,,,,,,,
帕金森综合症,困,108,,,,,,,,,,,,,,,,,
帕金森综合症,血尿,108,,,,,,,,,,,,,,,,,
帕金森综合症,颤抖,108,,,,,,,,,,,,,,,,,
帕金森综合症,盗汗,108,,,,,,,,,,,,,,,,,
帕金森综合症,车身结构的质量,108,,,,,,,,,,,,,,,,,
疝,腹部疼痛,164,,,,,,,,,,,,,,,,,
疝,痛,164,,,,,,,,,,,,,,,,,
疝,换气过度,164,,,,,,,,,,,,,,,,,
疝,难以忍受的疼痛,164,,,,,,,,,,,,,,,,,
疝,插科打诨,164,,,,,,,,,,,,,,,,,
疝,恶心,164,,,,,,,,,,,,,,,,,
疝,装腔作势,164,,,,,,,,,,,,,,,,,
疝,偏瘫,164,,,,,,,,,,,,,,,,,
疝,碰到就疼,164,,,,,,,,,,,,,,,,,
疝,出血,164,,,,,,,,,,,,,,,,,
疝,发热症状,164,,,,,,,,,,,,,,,,,
疝,食物不耐受,164,,,,,,,,,,,,,,,,,
疝,脉冲缺席,164,,,,,,,,,,,,,,,,,
疝,乏力,164,,,,,,,,,,,,,,,,,
疝,车身结构的质量,164,,,,,,,,,,,,,,,,,
疝,加粗,164,,,,,,,,,,,,,,,,,
肾脏疾病,呼吸急促,96,,,,,,,,,,,,,,,,,
肾脏疾病,高钾血症,96,,,,,,,,,,,,,,,,,
肾脏疾病,胸部疼痛,96,,,,,,,,,,,,,,,,,
肾脏疾病,发热,96,,,,,,,,,,,,,,,,,
肾脏疾病,孕妇0,96,,,,,,,,,,,,,,,,,
肾脏疾病,阴道出血,96,,,,,,,,,,,,,,,,,
结肠炎,发热,114,,,,,,,,,,,,,,,,,
结肠炎,加粗,114,,,,,,,,,,,,,,,,,
结肠炎,绿色的痰,114,,,,,,,,,,,,,,,,,
结肠炎,呕吐,114,,,,,,,,,,,,,,,,,
结肠炎,恶心和呕吐,114,,,,,,,,,,,,,,,,,
结肠炎,早觉醒,114,,,,,,,,,,,,,,,,,
结肠炎,痛,114,,,,,,,,,,,,,,,,,
结肠炎,恶心,114,,,,,,,,,,,,,,,,,
结肠炎,感觉冷,114,,,,,,,,,,,,,,,,,
结肠炎,里急后重,114,,,,,,,,,,,,,,,,,
结肠炎,急迫性尿失禁,114,,,,,,,,,,,,,,,,,
结肠炎,腹部疼痛,114,,,,,,,,,,,,,,,,,
结肠炎,血流动力学稳定,114,,,,,,,,,,,,,,,,,
深静脉血栓形成,肿胀,310,,,,,,,,,,,,,,,,,
深静脉血栓形成,痛,310,,,,,,,,,,,,,,,,,
深静脉血栓形成,瘀斑,310,,,,,,,,,,,,,,,,,
深静脉血栓形成,呼吸急促,310,,,,,,,,,,,,,,,,,
深静脉血栓形成,疼痛下肢,310,,,,,,,,,,,,,,,,,
深静脉血栓形成,心脏肥大,310,,,,,,,,,,,,,,,,,
深静脉血栓形成,罗音,310,,,,,,,,,,,,,,,,,
深静脉血栓形成,红斑,310,,,,,,,,,,,,,,,,,
深静脉血栓形成,低血压,310,,,,,,,,,,,,,,,,,
深静脉血栓形成,阵挛,310,,,,,,,,,,,,,,,,,
深静脉血栓形成,非生产性咳嗽,310,,,,,,,,,,,,,,,,,
深静脉血栓形成,发红,310,,,,,,,,,,,,,,,,,
人格障碍,恶梦,84,,,,,,,,,,,,,,,,,
人格障碍,感到绝望,84,,,,,,,,,,,,,,,,,
人格障碍,换性者,84,,,,,,,,,,,,,,,,,
人格障碍,听觉幻觉,84,,,,,,,,,,,,,,,,,
人格障碍,急躁的情绪,84,,,,,,,,,,,,,,,,,
人格障碍,失眠,84,,,,,,,,,,,,,,,,,
人格障碍,易怒,84,,,,,,,,,,,,,,,,,
人格障碍,伤心,84,,,,,,,,,,,,,,,,,
人格障碍,心情郁闷,84,,,,,,,,,,,,,,,,,
人格障碍,抓痕,84,,,,,,,,,,,,,,,,,
人格障碍,恶心和呕吐,84,,,,,,,,,,,,,,,,,
人格障碍,极度衰竭,84,,,,,,,,,,,,,,,,,
人格障碍,侧疼痛,84,,,,,,,,,,,,,,,,,
人格障碍,心悸,84,,,,,,,,,,,,,,,,,
人格障碍,夜尿,84,,,,,,,,,,,,,,,,,
人格障碍,无家可归,84,,,,,,,,,,,,,,,,,
人格障碍,神经紧张,84,,,,,,,,,,,,,,,,,
人格障碍,腹水,84,,,,,,,,,,,,,,,,,
人格障碍,瘙痒,84,,,,,,,,,,,,,,,,,
高脂血症,胸部疼痛,247,,,,,,,,,,,,,,,,,
高脂血症,心绞痛,247,,,,,,,,,,,,,,,,,
高脂血症,心慌,247,,,,,,,,,,,,,,,,,
高脂血症,Q波的存在,247,,,,,,,,,,,,,,,,,
高脂血症,闪光幻觉,247,,,,,,,,,,,,,,,,,
高脂血症,汗,247,,,,,,,,,,,,,,,,,
高脂血症,出汗,247,,,,,,,,,,,,,,,,,
高脂血症,胸部不适,247,,,,,,,,,,,,,,,,,
高脂血症,呼吸急促,247,,,,,,,,,,,,,,,,,
高脂血症,轻浮情绪,247,,,,,,,,,,,,,,,,,
高脂血症,运动功能减退,247,,,,,,,,,,,,,,,,,
高脂血症,偏瘫,247,,,,,,,,,,,,,,,,,
高脂血症,头晕,247,,,,,,,,,,,,,,,,,
肺炎,咳嗽,1029,,,,,,,,,,,,,,,,,
肺炎,发热,1029,,,,,,,,,,,,,,,,,
肺炎,降低透明度,1029,,,,,,,,,,,,,,,,,
肺炎,呼吸急促,1029,,,,,,,,,,,,,,,,,
肺炎,罗音,1029,,,,,,,,,,,,,,,,,
肺炎,咳嗽,1029,,,,,,,,,,,,,,,,,
肺炎,胸膜痛,1029,,,,,,,,,,,,,,,,,
肺炎,黄痰,1029,,,,,,,,,,,,,,,,,
肺炎,呼吸音减弱,1029,,,,,,,,,,,,,,,,,
肺炎,感觉冷,1029,,,,,,,,,,,,,,,,,
肺炎,鼾音,1029,,,,,,,,,,,,,,,,,
肺炎,绿色的痰,1029,,,,,,,,,,,,,,,,,
肺炎,非生产性咳嗽,1029,,,,,,,,,,,,,,,,,
肺炎,喘息,1029,,,,,,,,,,,,,,,,,
肺炎,咯血,1029,,,,,,,,,,,,,,,,,
肺炎,呼吸窘迫,1029,,,,,,,,,,,,,,,,,
肺炎,呼吸急促,1029,,,,,,,,,,,,,,,,,
肺炎,全身乏力,1029,,,,,,,,,,,,,,,,,
肺炎,盗汗,1029,,,,,,,,,,,,,,,,,
胃食管反流病,痛,325,,,,,,,,,,,,,,,,,
胃食管反流病,胸部疼痛,325,,,,,,,,,,,,,,,,,
胃食管反流病,烧灼感,325,,,,,,,,,,,,,,,,,
胃食管反流病,低钠血症,325,,,,,,,,,,,,,,,,,
胃食管反流病,早饱腹感,325,,,,,,,,,,,,,,,,,
胃食管反流病,悸动的感觉品质,325,,,,,,,,,,,,,,,,,
胃食管反流病,胸部紧迫感,325,,,,,,,,,,,,,,,,,
胃食管反流病,感觉不适,325,,,,,,,,,,,,,,,,,
胃食管反流病,Q波的存在,325,,,,,,,,,,,,,,,,,
胃食管反流病,恶心,325,,,,,,,,,,,,,,,,,
胃食管反流病,全身不适,325,,,,,,,,,,,,,,,,,
胃食管反流病,便秘,325,,,,,,,,,,,,,,,,,
胃食管反流病,心慌,325,,,,,,,,,,,,,,,,,
胃食管反流病,腹部疼痛,325,,,,,,,,,,,,,,,,,
胃食管反流病,胃灼热,325,,,,,,,,,,,,,,,,,
胃食管反流病,汗,325,,,,,,,,,,,,,,,,,
胃食管反流病,出汗,325,,,,,,,,,,,,,,,,,
胃食管反流病,乏力,325,,,,,,,,,,,,,,,,,
肺炎愿望,纵隔移位,119,,,,,,,,,,,,,,,,,
肺炎愿望,发热,119,,,,,,,,,,,,,,,,,
肺炎愿望,阵挛,119,,,,,,,,,,,,,,,,,
肺炎愿望,精神状态的改变,119,,,,,,,,,,,,,,,,,
肺炎愿望,降低透明度,119,,,,,,,,,,,,,,,,,
肺炎愿望,反应迟钝,119,,,,,,,,,,,,,,,,,
肺炎愿望,极度衰竭,119,,,,,,,,,,,,,,,,,
肺炎愿望,麻木,119,,,,,,,,,,,,,,,,,
肺炎愿望,癫痫,119,,,,,,,,,,,,,,,,,
肺炎愿望,转氨酶,119,,,,,,,,,,,,,,,,,
肺炎愿望,偏瘫,119,,,,,,,,,,,,,,,,,
肺炎愿望,咳嗽,119,,,,,,,,,,,,,,,,,
肺炎愿望,汩汩,119,,,,,,,,,,,,,,,,,
肺炎愿望,痛,119,,,,,,,,,,,,,,,,,
肺炎愿望,腹泻,119,,,,,,,,,,,,,,,,,
肺炎愿望,腹部疼痛,119,,,,,,,,,,,,,,,,,
狭窄主动脉瓣,劳力性呼吸困难,158,,,,,,,,,,,,,,,,,
狭窄主动脉瓣,昏厥,158,,,,,,,,,,,,,,,,,
狭窄主动脉瓣,胸部不适,158,,,,,,,,,,,,,,,,,
狭窄主动脉瓣,收缩期杂音,158,,,,,,,,,,,,,,,,,
狭窄主动脉瓣,坐骨神经痛,158,,,,,,,,,,,,,,,,,
狭窄主动脉瓣,心绞痛,158,,,,,,,,,,,,,,,,,
狭窄主动脉瓣,胸部疼痛,158,,,,,,,,,,,,,,,,,
狭窄主动脉瓣,泡沫痰,158,,,,,,,,,,,,,,,,,
狭窄主动脉瓣,心动过缓,158,,,,,,,,,,,,,,,,,
狭窄主动脉瓣,呼吸急促,158,,,,,,,,,,,,,,,,,
狭窄主动脉瓣,痛,158,,,,,,,,,,,,,,,,,
高血压病,胸部疼痛,3363,,,,,,,,,,,,,,,,,
高血压病,呼吸急促,3363,,,,,,,,,,,,,,,,,
高血压病,头晕,3363,,,,,,,,,,,,,,,,,
高血压病,乏力,3363,,,,,,,,,,,,,,,,,
高血压病,摔倒,3363,,,,,,,,,,,,,,,,,
高血压病,昏厥,3363,,,,,,,,,,,,,,,,,
高血压病,眩晕,3363,,,,,,,,,,,,,,,,,
高血压病,汗,3363,,,,,,,,,,,,,,,,,
高血压病,出汗,3363,,,,,,,,,,,,,,,,,
高血压病,心慌,3363,,,,,,,,,,,,,,,,,
高血压病,恶心,3363,,,,,,,,,,,,,,,,,
高血压病,心绞痛,3363,,,,,,,,,,,,,,,,,
高血压病,压力胸部,3363,,,,,,,,,,,,,,,,,
青光眼,摔倒,95,,,,,,,,,,,,,,,,,
青光眼,腹胀,95,,,,,,,,,,,,,,,,,
青光眼,不稳定的步伐,95,,,,,,,,,,,,,,,,,
青光眼,感觉异常,95,,,,,,,,,,,,,,,,,
青光眼,低钠血症,95,,,,,,,,,,,,,,,,,
青光眼,易怒,95,,,,,,,,,,,,,,,,,
青光眼,无意识的状态下,95,,,,,,,,,,,,,,,,,
青光眼,烧灼感,95,,,,,,,,,,,,,,,,,
青光眼,病变,95,,,,,,,,,,,,,,,,,
青光眼,车身结构的质量,95,,,,,,,,,,,,,,,,,
败血症,发热,311,,,,,,,,,,,,,,,,,
败血症,呼吸窘迫,311,,,,,,,,,,,,,,,,,
败血症,低血压,311,,,,,,,,,,,,,,,,,
败血症,呼吸急促,311,,,,,,,,,,,,,,,,,
败血症,感觉冷,311,,,,,,,,,,,,,,,,,
败血症,昏睡,311,,,,,,,,,,,,,,,,,
败血症,心动过缓,311,,,,,,,,,,,,,,,,,
败血症,臀位,311,,,,,,,,,,,,,,,,,
败血症,黄萎病,311,,,,,,,,,,,,,,,,,
败血症,膜的自发性破裂,311,,,,,,,,,,,,,,,,,
败血症,出血,311,,,,,,,,,,,,,,,,,
败血症,反应迟钝,311,,,,,,,,,,,,,,,,,
败血症,罗音,311,,,,,,,,,,,,,,,,,
败血症,发热症状,311,,,,,,,,,,,,,,,,,
支气管炎,咳嗽,172,,,,,,,,,,,,,,,,,
支气管炎,喘息,172,,,,,,,,,,,,,,,,,
支气管炎,呼吸急促,172,,,,,,,,,,,,,,,,,
支气管炎,胸部紧迫感,172,,,,,,,,,,,,,,,,,
支气管炎,发热,172,,,,,,,,,,,,,,,,,
支气管炎,喉咙痛,172,,,,,,,,,,,,,,,,,
支气管炎,咳嗽,172,,,,,,,,,,,,,,,,,
支气管炎,肝脾肿大,172,,,,,,,,,,,,,,,,,
支气管炎,盗汗,172,,,,,,,,,,,,,,,,,
支气管炎,咯血,172,,,,,,,,,,,,,,,,,
支气管炎,呼吸困难,172,,,,,,,,,,,,,,,,,
支气管炎,鼻塞,172,,,,,,,,,,,,,,,,,
支气管炎,干咳,172,,,,,,,,,,,,,,,,,
支气管炎,呼吸困难,172,,,,,,,,,,,,,,,,,
支气管炎,感觉冷,172,,,,,,,,,,,,,,,,,
支气管炎,喘鸣,172,,,,,,,,,,,,,,,,,
支气管炎,体重降低,172,,,,,,,,,,,,,,,,,
妄想,松散结合,56,,,,,,,,,,,,,,,,,
妄想,轻浮情绪,56,,,,,,,,,,,,,,,,,
妄想,感到绝望,56,,,,,,,,,,,,,,,,,
妄想,易怒,56,,,,,,,,,,,,,,,,,
妄想,听觉幻觉,56,,,,,,,,,,,,,,,,,
妄想,急躁的情绪,56,,,,,,,,,,,,,,,,,
妄想,失眠,56,,,,,,,,,,,,,,,,,
妄想,新词,56,,,,,,,,,,,,,,,,,
妄想,杀人的想法,56,,,,,,,,,,,,,,,,,
妄想,不安的家庭,56,,,,,,,,,,,,,,,,,
妄想,心悸,56,,,,,,,,,,,,,,,,,
妄想,失代偿,56,,,,,,,,,,,,,,,,,
妄想,辱骂行为,56,,,,,,,,,,,,,,,,,
妄想,紧张症,56,,,,,,,,,,,,,,,,,
妄想,自杀,56,,,,,,,,,,,,,,,,,
妄想,惊吓,56,,,,,,,,,,,,,,,,,
妄想,昏迷,56,,,,,,,,,,,,,,,,,
妄想,伤心,56,,,,,,,,,,,,,,,,,
妄想,认知受损,56,,,,,,,,,,,,,,,,,
妄想,急躁的情绪,56,,,,,,,,,,,,,,,,,
妄想,易怒,56,,,,,,,,,,,,,,,,,
上呼吸道感染,咳嗽,135,,,,,,,,,,,,,,,,,
上呼吸道感染,喉咙痛,135,,,,,,,,,,,,,,,,,
上呼吸道感染,喘息,135,,,,,,,,,,,,,,,,,
上呼吸道感染,呼吸急促,135,,,,,,,,,,,,,,,,,
上呼吸道感染,呼吸困难,135,,,,,,,,,,,,,,,,,
上呼吸道感染,发热,135,,,,,,,,,,,,,,,,,
上呼吸道感染,鼻塞,135,,,,,,,,,,,,,,,,,
上呼吸道感染,非生产性咳嗽,135,,,,,,,,,,,,,,,,,
上呼吸道感染,鼻塞,135,,,,,,,,,,,,,,,,,
上呼吸道感染,淡然的心情,135,,,,,,,,,,,,,,,,,
上呼吸道感染,羊鸣音,135,,,,,,,,,,,,,,,,,
上呼吸道感染,犬吠咳嗽,135,,,,,,,,,,,,,,,,,
上呼吸道感染,多肌痛,135,,,,,,,,,,,,,,,,,
上呼吸道感染,胸膜痛,135,,,,,,,,,,,,,,,,,
上呼吸道感染,盗汗,135,,,,,,,,,,,,,,,,,
上呼吸道感染,呼吸困难,135,,,,,,,,,,,,,,,,,
上呼吸道感染,咳嗽,135,,,,,,,,,,,,,,,,,
上呼吸道感染,降低透明度,135,,,,,,,,,,,,,,,,,
上呼吸道感染,鼾音,135,,,,,,,,,,,,,,,,,
上呼吸道感染,呼吸浅快,135,,,,,,,,,,,,,,,,,
上呼吸道感染,发热症状,135,,,,,,,,,,,,,,,,,
上呼吸道感染,嘈杂的呼吸,135,,,,,,,,,,,,,,,,,
上呼吸道感染,鼻涕本,135,,,,,,,,,,,,,,,,,
上呼吸道感染,气肿性变化,135,,,,,,,,,,,,,,,,,
上呼吸道感染,脆弱,135,,,,,,,,,,,,,,,,,
上呼吸道感染,的囊性病变,135,,,,,,,,,,,,,,,,,
上呼吸道感染,症状加重因素,135,,,,,,,,,,,,,,,,,
上呼吸道感染,血流动力学稳定,135,,,,,,,,,,,,,,,,,
痴呆,发热,504,,,,,,,,,,,,,,,,,
痴呆,摔倒,504,,,,,,,,,,,,,,,,,
痴呆,反应迟钝,504,,,,,,,,,,,,,,,,,
痴呆,昏睡,504,,,,,,,,,,,,,,,,,
痴呆,易怒,504,,,,,,,,,,,,,,,,,
痴呆,瘀斑,504,,,,,,,,,,,,,,,,,
痴呆,昏厥,504,,,,,,,,,,,,,,,,,
痴呆,罗音,504,,,,,,,,,,,,,,,,,
痴呆,无意识的状态下,504,,,,,,,,,,,,,,,,,
痴呆,咳嗽,504,,,,,,,,,,,,,,,,,
痴呆,卧床不起的,504,,,,,,,,,,,,,,,,,
痴呆,卧床不起的,504,,,,,,,,,,,,,,,,,
痴呆,痛,504,,,,,,,,,,,,,,,,,
痴呆,面瘫,504,,,,,,,,,,,,,,,,,
痴呆,腹部压痛,504,,,,,,,,,,,,,,,,,
痴呆,鼾音,504,,,,,,,,,,,,,,,,,
痴呆,不稳定的步伐,504,,,,,,,,,,,,,,,,,
痴呆,听觉幻觉,504,,,,,,,,,,,,,,,,,
糖尿病酮症酸中毒 ,尿,93,,,,,,,,,,,,,,,,,
糖尿病酮症酸中毒 ,呕吐,93,,,,,,,,,,,,,,,,,
糖尿病酮症酸中毒 ,恶心,93,,,,,,,,,,,,,,,,,
糖尿病酮症酸中毒 ,腹部疼痛,93,,,,,,,,,,,,,,,,,
糖尿病酮症酸中毒 ,乳白色,93,,,,,,,,,,,,,,,,,
糖尿病酮症酸中毒 ,感觉怪怪的,93,,,,,,,,,,,,,,,,,
糖尿病酮症酸中毒 ,汩汩,93,,,,,,,,,,,,,,,,,
糖尿病酮症酸中毒 ,神经紧张,93,,,,,,,,,,,,,,,,,
糖尿病酮症酸中毒 ,腹部压痛,93,,,,,,,,,,,,,,,,,
糖尿病酮症酸中毒 ,吞咽后返流,93,,,,,,,,,,,,,,,,,
糖尿病酮症酸中毒 ,视线模糊不清。,93,,,,,,,,,,,,,,,,,
糖尿病酮症酸中毒 ,尿犹豫,93,,,,,,,,,,,,,,,,,
糖尿病酮症酸中毒 ,腹泻,93,,,,,,,,,,,,,,,,,
糖尿病酮症酸中毒 ,癫痫,93,,,,,,,,,,,,,,,,,
糖尿病酮症酸中毒 ,光环,93,,,,,,,,,,,,,,,,,
狂躁症,增加能源,85,,,,,,,,,,,,,,,,,
狂躁症,自杀,85,,,,,,,,,,,,,,,,,
狂躁症,过度,85,,,,,,,,,,,,,,,,,
狂躁症,想自杀,85,,,,,,,,,,,,,,,,,
狂躁症,灼,85,,,,,,,,,,,,,,,,,
狂躁症,听觉幻觉,85,,,,,,,,,,,,,,,,,
狂躁症,视觉幻觉,85,,,,,,,,,,,,,,,,,
狂躁症,高昂,85,,,,,,,,,,,,,,,,,
狂躁症,言语性幻听,85,,,,,,,,,,,,,,,,,
狂躁症,感到绝望,85,,,,,,,,,,,,,,,,,
狂躁症,困难,85,,,,,,,,,,,,,,,,,
狂躁症,失代偿,85,,,,,,,,,,,,,,,,,
狂躁症,辱骂行为,85,,,,,,,,,,,,,,,,,
狂躁症,自杀,85,,,,,,,,,,,,,,,,,
狂躁症,想自杀,85,,,,,,,,,,,,,,,,,
自杀未遂,听觉幻觉,114,,,,,,,,,,,,,,,,,
自杀未遂,失眠,114,,,,,,,,,,,,,,,,,
自杀未遂,自杀,114,,,,,,,,,,,,,,,,,
自杀未遂,运动发育迟缓,114,,,,,,,,,,,,,,,,,
自杀未遂,伤心,114,,,,,,,,,,,,,,,,,
自杀未遂,无法集中,114,,,,,,,,,,,,,,,,,
自杀未遂,托德麻痹,114,,,,,,,,,,,,,,,,,
自杀未遂,心悸,114,,,,,,,,,,,,,,,,,
自杀未遂,疲劳,114,,,,,,,,,,,,,,,,,
自杀未遂,颤抖,114,,,,,,,,,,,,,,,,,
自杀未遂,酒精戒断症状,114,,,,,,,,,,,,,,,,,
自杀未遂,易怒,114,,,,,,,,,,,,,,,,,
自杀未遂,反应迟钝,114,,,,,,,,,,,,,,,,,
自杀未遂,昏迷,114,,,,,,,,,,,,,,,,,
自杀未遂,退出,114,,,,,,,,,,,,,,,,,
自杀未遂,困难,114,,,,,,,,,,,,,,,,,
自杀未遂,急躁的情绪,114,,,,,,,,,,,,,,,,,
自杀未遂,感觉不适,114,,,,,,,,,,,,,,,,,
自杀未遂,睡意,114,,,,,,,,,,,,,,,,,
自杀未遂,有蚂蚁的感觉,114,,,,,,,,,,,,,,,,,
自杀未遂,无意识的状态下,114,,,,,,,,,,,,,,,,,
自杀未遂,发热,114,,,,,,,,,,,,,,,,,
自杀未遂,咳嗽,114,,,,,,,,,,,,,,,,,
感染艾滋病毒,发热,350,,,,,,,,,,,,,,,,,
感染艾滋病毒,盗汗,350,,,,,,,,,,,,,,,,,
感染艾滋病毒,膜的自发性破裂,350,,,,,,,,,,,,,,,,,
感染艾滋病毒,咳嗽,350,,,,,,,,,,,,,,,,,
感染艾滋病毒,体重降低,350,,,,,,,,,,,,,,,,,
感染艾滋病毒,感觉冷,350,,,,,,,,,,,,,,,,,
感染艾滋病毒,腹泻,350,,,,,,,,,,,,,,,,,
感染艾滋病毒,胸膜痛,350,,,,,,,,,,,,,,,,,
感染艾滋病毒,不配合治疗,350,,,,,,,,,,,,,,,,,
感染艾滋病毒,呼吸急促,350,,,,,,,,,,,,,,,,,
感染艾滋病毒,咳嗽,350,,,,,,,,,,,,,,,,,
感染艾滋病毒,张力减退,350,,,,,,,,,,,,,,,,,
感染艾滋病毒,低渗,350,,,,,,,,,,,,,,,,,
感染艾滋病毒,想自杀,350,,,,,,,,,,,,,,,,,
良性前列腺肥大,精神状态的改变,192,,,,,,,,,,,,,,,,,
良性前列腺肥大,恶病质,192,,,,,,,,,,,,,,,,,
良性前列腺肥大,昏迷,192,,,,,,,,,,,,,,,,,
良性前列腺肥大,orthostasis,192,,,,,,,,,,,,,,,,,
良性前列腺肥大,端坐,192,,,,,,,,,,,,,,,,,
良性前列腺肥大,盗汗,192,,,,,,,,,,,,,,,,,
良性前列腺肥大,呼吸窘迫,192,,,,,,,,,,,,,,,,,
良性前列腺肥大,厌食症,192,,,,,,,,,,,,,,,,,
良性前列腺肥大,构音障碍,192,,,,,,,,,,,,,,,,,
HIV,发热,350,,,,,,,,,,,,,,,,,
HIV,盗汗,350,,,,,,,,,,,,,,,,,
HIV,膜的自发性破裂,350,,,,,,,,,,,,,,,,,
HIV,咳嗽,350,,,,,,,,,,,,,,,,,
HIV,体重降低,350,,,,,,,,,,,,,,,,,
HIV,感觉冷,350,,,,,,,,,,,,,,,,,
HIV,腹泻,350,,,,,,,,,,,,,,,,,
HIV,胸膜痛,350,,,,,,,,,,,,,,,,,
HIV,不配合治疗,350,,,,,,,,,,,,,,,,,
HIV,呼吸急促,350,,,,,,,,,,,,,,,,,
HIV,咳嗽,350,,,,,,,,,,,,,,,,,
HIV,张力减退,350,,,,,,,,,,,,,,,,,
HIV,低渗,350,,,,,,,,,,,,,,,,,
HIV,想自杀,350,,,,,,,,,,,,,,,,,
菌血症,发热,142,,,,,,,,,,,,,,,,,
菌血症,感觉冷,142,,,,,,,,,,,,,,,,,
菌血症,冲洗,142,,,,,,,,,,,,,,,,,
菌血症,反应迟钝,142,,,,,,,,,,,,,,,,,
菌血症,淡然的心情,142,,,,,,,,,,,,,,,,,
菌血症,尿性囊肿,142,,,,,,,,,,,,,,,,,
菌血症,呕吐,142,,,,,,,,,,,,,,,,,
菌血症,腹胀,142,,,,,,,,,,,,,,,,,
菌血症,低蛋白血症,142,,,,,,,,,,,,,,,,,
菌血症,脓包,142,,,,,,,,,,,,,,,,,
菌血症,前列腺疾病,142,,,,,,,,,,,,,,,,,
菌血症,腹泻,142,,,,,,,,,,,,,,,,,
菌血症,腹部压痛,142,,,,,,,,,,,,,,,,,
菌血症,胸膜痛,142,,,,,,,,,,,,,,,,,
菌血症,降低透明度,142,,,,,,,,,,,,,,,,,
菌血症,苍白,142,,,,,,,,,,,,,,,,,
中性粒细胞减少,转氨酶,68,,,,,,,,,,,,,,,,,
中性粒细胞减少,脾肿大,68,,,,,,,,,,,,,,,,,
中性粒细胞减少,盗汗,68,,,,,,,,,,,,,,,,,
中性粒细胞减少,发热症状,68,,,,,,,,,,,,,,,,,
中性粒细胞减少,病变,68,,,,,,,,,,,,,,,,,
中性粒细胞减少,鼻塞,68,,,,,,,,,,,,,,,,,
中性粒细胞减少,感觉冷,68,,,,,,,,,,,,,,,,,
中性粒细胞减少,咳嗽,68,,,,,,,,,,,,,,,,,
中性粒细胞减少,单克隆,68,,,,,,,,,,,,,,,,,
中性粒细胞减少,低钙血症结果,68,,,,,,,,,,,,,,,,,
中性粒细胞减少,少尿,68,,,,,,,,,,,,,,,,,
中性粒细胞减少,RHD阳性,68,,,,,,,,,,,,,,,,,
中性粒细胞减少,呼吸窘迫,68,,,,,,,,,,,,,,,,,
乙肝,不适当的影响,111,,,,,,,,,,,,,,,,,
乙肝,呼吸急促,111,,,,,,,,,,,,,,,,,
乙肝,黄痰,111,,,,,,,,,,,,,,,,,
乙肝,喷射性呕吐,111,,,,,,,,,,,,,,,,,
乙肝,拒食,111,,,,,,,,,,,,,,,,,
乙肝,腹部疼痛,111,,,,,,,,,,,,,,,,,
乙肝,腹部压痛,111,,,,,,,,,,,,,,,,,
乙肝,坐轮椅,111,,,,,,,,,,,,,,,,,
乙肝,呻吟,111,,,,,,,,,,,,,,,,,
丙型肝炎,腹水,269,,,,,,,,,,,,,,,,,
丙型肝炎,腹胀,269,,,,,,,,,,,,,,,,,
丙型肝炎,想自杀,269,,,,,,,,,,,,,,,,,
丙型肝炎,咳嗽,269,,,,,,,,,,,,,,,,,
丙型肝炎,疼痛,269,,,,,,,,,,,,,,,,,
丙型肝炎,浸渍皮肤,269,,,,,,,,,,,,,,,,,
丙型肝炎,沉重的感觉,269,,,,,,,,,,,,,,,,,
丙型肝炎,听觉幻觉,269,,,,,,,,,,,,,,,,,
丙型肝炎,感觉冷,269,,,,,,,,,,,,,,,,,
丙型肝炎,扑翼样震颤,269,,,,,,,,,,,,,,,,,
丙型肝炎,不配合治疗,269,,,,,,,,,,,,,,,,,
冠状动脉心脏疾病,胸部疼痛,1284,,,,,,,,,,,,,,,,,
冠状动脉心脏疾病,心绞痛,1284,,,,,,,,,,,,,,,,,
冠状动脉心脏疾病,呼吸急促,1284,,,,,,,,,,,,,,,,,
冠状动脉心脏疾病,运动功能减退,1284,,,,,,,,,,,,,,,,,
冠状动脉心脏疾病,汗,1284,,,,,,,,,,,,,,,,,
冠状动脉心脏疾病,出汗,1284,,,,,,,,,,,,,,,,,
冠状动脉心脏疾病,压力胸部,1284,,,,,,,,,,,,,,,,,
冠状动脉心脏疾病,劳力性呼吸困难,1284,,,,,,,,,,,,,,,,,
冠状动脉心脏疾病,端坐,1284,,,,,,,,,,,,,,,,,
冠状动脉心脏疾病,胸部紧迫感,1284,,,,,,,,,,,,,,,,,
肺癌,病变,86,,,,,,,,,,,,,,,,,
肺癌,咳嗽,86,,,,,,,,,,,,,,,,,
肺癌,肺结节,86,,,,,,,,,,,,,,,,,
肺癌,呼吸急促,86,,,,,,,,,,,,,,,,,
肺癌,咯血,86,,,,,,,,,,,,,,,,,
肺癌,衰弱,86,,,,,,,,,,,,,,,,,
肺癌,汩汩,86,,,,,,,,,,,,,,,,,
肺癌,疼痛,86,,,,,,,,,,,,,,,,,
肺癌,罗音,86,,,,,,,,,,,,,,,,,
肺癌,盗汗,86,,,,,,,,,,,,,,,,,
肺癌,降低透明度,86,,,,,,,,,,,,,,,,,
肺癌,乏力,86,,,,,,,,,,,,,,,,,
肺癌,转移病灶,86,,,,,,,,,,,,,,,,,
肺癌,易怒,86,,,,,,,,,,,,,,,,,
肺癌,急躁的情绪,86,,,,,,,,,,,,,,,,,
关节炎,痛,179,,,,,,,,,,,,,,,,,
关节炎,血流动力学稳定,179,,,,,,,,,,,,,,,,,
关节炎,失眠,179,,,,,,,,,,,,,,,,,
关节炎,乏力,179,,,,,,,,,,,,,,,,,
关节炎,昏厥,179,,,,,,,,,,,,,,,,,
关节炎,肿胀,179,,,,,,,,,,,,,,,,,
关节炎,异型,179,,,,,,,,,,,,,,,,,
关节炎,一般不稳定,179,,,,,,,,,,,,,,,,,
关节炎,呼吸急促,179,,,,,,,,,,,,,,,,,
关节炎,腹胀,179,,,,,,,,,,,,,,,,,
肺的恶性肿瘤,病变,86,,,,,,,,,,,,,,,,,
肺的恶性肿瘤,咳嗽,86,,,,,,,,,,,,,,,,,
肺的恶性肿瘤,肺结节,86,,,,,,,,,,,,,,,,,
肺的恶性肿瘤,呼吸急促,86,,,,,,,,,,,,,,,,,
肺的恶性肿瘤,咯血,86,,,,,,,,,,,,,,,,,
肺的恶性肿瘤,衰弱,86,,,,,,,,,,,,,,,,,
肺的恶性肿瘤,汩汩,86,,,,,,,,,,,,,,,,,
肺的恶性肿瘤,疼痛,86,,,,,,,,,,,,,,,,,
肺的恶性肿瘤,罗音,86,,,,,,,,,,,,,,,,,
肺的恶性肿瘤,盗汗,86,,,,,,,,,,,,,,,,,
肺的恶性肿瘤,降低透明度,86,,,,,,,,,,,,,,,,,
肺的恶性肿瘤,乏力,86,,,,,,,,,,,,,,,,,
肺的恶性肿瘤,转移病灶,86,,,,,,,,,,,,,,,,,
肺的恶性肿瘤,易怒,86,,,,,,,,,,,,,,,,,
肺的恶性肿瘤,急躁的情绪,86,,,,,,,,,,,,,,,,,
癌,车身结构的质量,269,,,,,,,,,,,,,,,,,
癌,痛,269,,,,,,,,,,,,,,,,,
癌,病变,269,,,,,,,,,,,,,,,,,
癌,肿瘤细胞的侵袭,269,,,,,,,,,,,,,,,,,
癌,加粗,269,,,,,,,,,,,,,,,,,
癌,体重降低,269,,,,,,,,,,,,,,,,,
癌,嘶哑,269,,,,,,,,,,,,,,,,,
癌,全身不适,269,,,,,,,,,,,,,,,,,
癌,转移病灶,269,,,,,,,,,,,,,,,,,
癌,非生产性咳嗽,269,,,,,,,,,,,,,,,,,
癌,便秘,269,,,,,,,,,,,,,,,,,
癌,不快乐,269,,,,,,,,,,,,,,,,,
癌,感觉异常,269,,,,,,,,,,,,,,,,,
癌,孕妇0,269,,,,,,,,,,,,,,,,,
癌,腹泻,269,,,,,,,,,,,,,,,,,
癌,碰到就疼,269,,,,,,,,,,,,,,,,,
癌,胃灼热,269,,,,,,,,,,,,,,,,,
癌,恶心,269,,,,,,,,,,,,,,,,,
癌,肺结节,269,,,,,,,,,,,,,,,,,
谵妄,不稳定的步伐,68,,,,,,,,,,,,,,,,,
谵妄,退出,68,,,,,,,,,,,,,,,,,
谵妄,低钠血症,68,,,,,,,,,,,,,,,,,
谵妄,辱骂行为,68,,,,,,,,,,,,,,,,,
谵妄,想自杀,68,,,,,,,,,,,,,,,,,
谵妄,反应迟钝,68,,,,,,,,,,,,,,,,,
谵妄,心悸,68,,,,,,,,,,,,,,,,,
谵妄,睡意,68,,,,,,,,,,,,,,,,,
谵妄,困,68,,,,,,,,,,,,,,,,,
谵妄,听觉幻觉,68,,,,,,,,,,,,,,,,,
谵妄,自杀,68,,,,,,,,,,,,,,,,,
谵妄,发热,68,,,,,,,,,,,,,,,,,
谵妄,腹泻,68,,,,,,,,,,,,,,,,,
黑色素瘤,车身结构的质量,87,,,,,,,,,,,,,,,,,
黑色素瘤,截瘫,87,,,,,,,,,,,,,,,,,
黑色素瘤,发热,87,,,,,,,,,,,,,,,,,
黑色素瘤,孕妇0,87,,,,,,,,,,,,,,,,,
黑色素瘤,痛,87,,,,,,,,,,,,,,,,,
黑色素瘤,瘙痒,87,,,,,,,,,,,,,,,,,
黑色素瘤,肿块乳房,87,,,,,,,,,,,,,,,,,
黑色素瘤,呕吐,87,,,,,,,,,,,,,,,,,
黑色素瘤,腹泻,87,,,,,,,,,,,,,,,,,
肾功能衰竭急性,高钾血症,186,,,,,,,,,,,,,,,,,
肾功能衰竭急性,低血压,186,,,,,,,,,,,,,,,,,
肾功能衰竭急性,低钙血症结果,186,,,,,,,,,,,,,,,,,
肾功能衰竭急性,少尿,186,,,,,,,,,,,,,,,,,
肾功能衰竭急性,血流动力学稳定,186,,,,,,,,,,,,,,,,,
肾功能衰竭急性,乏力,186,,,,,,,,,,,,,,,,,
肾功能衰竭急性,低温，自然,186,,,,,,,,,,,,,,,,,
肾功能衰竭急性,腹泻,186,,,,,,,,,,,,,,,,,
肾功能衰竭急性,出血,186,,,,,,,,,,,,,,,,,
肾功能衰竭急性,反应迟钝,186,,,,,,,,,,,,,,,,,
糖尿病,尿,1421,,,,,,,,,,,,,,,,,
糖尿病,口渴,1421,,,,,,,,,,,,,,,,,
糖尿病,呼吸急促,1421,,,,,,,,,,,,,,,,,
糖尿病,胸部疼痛,1421,,,,,,,,,,,,,,,,,
糖尿病,乏力,1421,,,,,,,,,,,,,,,,,
糖尿病,恶心,1421,,,,,,,,,,,,,,,,,
糖尿病,端坐,1421,,,,,,,,,,,,,,,,,
糖尿病,罗音,1421,,,,,,,,,,,,,,,,,
糖尿病,汗,1421,,,,,,,,,,,,,,,,,
糖尿病,出汗,1421,,,,,,,,,,,,,,,,,
糖尿病,反应迟钝,1421,,,,,,,,,,,,,,,,,
糖尿病,精神状态的改变,1421,,,,,,,,,,,,,,,,,
糖尿病,眩晕,1421,,,,,,,,,,,,,,,,,
糖尿病,呕吐,1421,,,,,,,,,,,,,,,,,
糖尿病,呼吸困难,1421,,,,,,,,,,,,,,,,,
全身性感染,发热,311,,,,,,,,,,,,,,,,,
全身性感染,呼吸窘迫,311,,,,,,,,,,,,,,,,,
全身性感染,低血压,311,,,,,,,,,,,,,,,,,
全身性感染,呼吸急促,311,,,,,,,,,,,,,,,,,
全身性感染,感觉冷,311,,,,,,,,,,,,,,,,,
全身性感染,昏睡,311,,,,,,,,,,,,,,,,,
全身性感染,心动过缓,311,,,,,,,,,,,,,,,,,
全身性感染,臀位,311,,,,,,,,,,,,,,,,,
全身性感染,黄萎病,311,,,,,,,,,,,,,,,,,
全身性感染,膜的自发性破裂,311,,,,,,,,,,,,,,,,,
全身性感染,出血,311,,,,,,,,,,,,,,,,,
全身性感染,反应迟钝,311,,,,,,,,,,,,,,,,,
全身性感染,罗音,311,,,,,,,,,,,,,,,,,
全身性感染,发热症状,311,,,,,,,,,,,,,,,,,
恶性肿瘤,痛,90,,,,,,,,,,,,,,,,,
恶性肿瘤,车身结构的质量,90,,,,,,,,,,,,,,,,,
恶性肿瘤,病变,90,,,,,,,,,,,,,,,,,
恶性肿瘤,满月脸,90,,,,,,,,,,,,,,,,,
恶性肿瘤,暴躁,90,,,,,,,,,,,,,,,,,
恶性肿瘤,气肿性变化,90,,,,,,,,,,,,,,,,,
恶性肿瘤,体重降低,90,,,,,,,,,,,,,,,,,
恶性肿瘤,腹水,90,,,,,,,,,,,,,,,,,
恶性肿瘤,嘶哑,90,,,,,,,,,,,,,,,,,
恶性肿瘤,加粗,90,,,,,,,,,,,,,,,,,
恶性肿瘤,血尿,90,,,,,,,,,,,,,,,,,
恶性肿瘤,心跳停滞,90,,,,,,,,,,,,,,,,,
恶性肿瘤,孕妇10,90,,,,,,,,,,,,,,,,,
恶性肿瘤,车身结构的质量,90,,,,,,,,,,,,,,,,,
恶性肿瘤,病变,90,,,,,,,,,,,,,,,,,
恶性肿瘤,胃灼热,90,,,,,,,,,,,,,,,,,
恶性肿瘤,盗汗,90,,,,,,,,,,,,,,,,,
恶性肿瘤,加粗,90,,,,,,,,,,,,,,,,,
恶性肿瘤,感觉冷,90,,,,,,,,,,,,,,,,,
恶性肿瘤,降低透明度,90,,,,,,,,,,,,,,,,,
恶性肿瘤,腹部疼痛,90,,,,,,,,,,,,,,,,,
恶性肿瘤,浊音,90,,,,,,,,,,,,,,,,,
恶性肿瘤,食物不耐受,90,,,,,,,,,,,,,,,,,
恶性肿瘤,呼吸窘迫,90,,,,,,,,,,,,,,,,,
恶性肿瘤,低血压,90,,,,,,,,,,,,,,,,,
神经病,乏力,99,,,,,,,,,,,,,,,,,
神经病,麻木,99,,,,,,,,,,,,,,,,,
神经病,恶心和呕吐,99,,,,,,,,,,,,,,,,,
神经病,早觉醒,99,,,,,,,,,,,,,,,,,
神经病,气胸,99,,,,,,,,,,,,,,,,,
神经病,叠加,99,,,,,,,,,,,,,,,,,
神经病,易疲劳,99,,,,,,,,,,,,,,,,,
神经病,里急后重,99,,,,,,,,,,,,,,,,,
神经病,痛,99,,,,,,,,,,,,,,,,,
神经病,尿流缓慢,99,,,,,,,,,,,,,,,,,
过载流体,罗音,144,,,,,,,,,,,,,,,,,
过载流体,颈静脉怒张,144,,,,,,,,,,,,,,,,,
过载流体,高钾血症,144,,,,,,,,,,,,,,,,,
过载流体,端坐,144,,,,,,,,,,,,,,,,,
过载流体,呼吸急促,144,,,,,,,,,,,,,,,,,
过载流体,睡意,144,,,,,,,,,,,,,,,,,
过载流体,困,144,,,,,,,,,,,,,,,,,
过载流体,体重增加,144,,,,,,,,,,,,,,,,,
过载流体,低钾血症,144,,,,,,,,,,,,,,,,,
过载流体,低血压,144,,,,,,,,,,,,,,,,,
过载流体,肿胀,144,,,,,,,,,,,,,,,,,
过载流体,腹胀,144,,,,,,,,,,,,,,,,,
偏头痛疾病,怀二心,61,,,,,,,,,,,,,,,,,
偏头痛疾病,呕吐,61,,,,,,,,,,,,,,,,,
偏头痛疾病,头晕,61,,,,,,,,,,,,,,,,,
偏头痛疾病,麻木,61,,,,,,,,,,,,,,,,,
偏头痛疾病,恶心,61,,,,,,,,,,,,,,,,,
偏头痛疾病,发热,61,,,,,,,,,,,,,,,,,
偏头痛疾病,脾肿大,61,,,,,,,,,,,,,,,,,
甲亢,心悸,600,,,,,,,,,,,,,,,,,
甲亢,出汗,1000,,,,,,,,,,,,,,,,,
甲亢,暴饮暴食,1,,,,,,,,,,,,,,,,,
甲亢,体重减少,1,,,,,,,,,,,,,,,,,
中暑,中暑,2,,,,,,,,,,,,,,,,,
中暑,晒太阳,2,,,,,,,,,,,,,,,,,
鼻炎,打喷嚏,100,,,,,,,,,,,,,,,,,
鼻炎,流鼻涕,100,,,,,,,,,,,,,,,,,
鼻炎,鼻塞,100,,,,,,,,,,,,,,,,,
疑难杂症,未知,30000,,,,,,,,,,,,,,,,,
,,,,,,,,,,,,,,,,,,,
,,,,,,,,,,,,,,,,,,,
,,,,,,,,,,,,,,,,,,,
,,,,,,,,,,,,,,,,,,,
,,,,,,,,,,,,,,,,,,,
,,,,,,,,,,,,,,,,,,,
,,,,,,,,,,,,,,,,,,,
,,,,,,,,,,,,,,,,,,,
,,,,,,,,,,,,,,,,,,,
,,,,,,,,,,,,,,,,,,,
,,,,,,,,,,,,,,,,,,,
,,,,,,,,,,,,,,,,,,,
,,,,,,,,,,,,,,,,,,,
,,,,,,,,,,,,,,,,,,,
,,,,,,,,,,,,,,,,,,,
,,,,,,,,,,,,,,,,,,,
,,,,,,,,,,,,,,,,,,,
,,,,,,,,,,,,,,,,,,,
,,,,,,,,,,,,,,,,,,,
,,,,,,,,,,,,,,,,,,,
,,,,,,,,,,,,,,,,,,,